Name,Insert Length,Insert Sequence,Step
41,1369,GGTCTCGGTTGATCGTTCACTAAGGAAGGATAATTATGTCTAATGATCGCGGTGCCCTTGATGAAGTCTTGGAAGCGTTGAAGCGTAAAGATTTTCAAACCTTATATGAATTAACGCATAAATATGCAAGAGATTGGGAAACCTTTGTTCGGCTCCTGGCTGAGCTGTTATACCAGTATATCCACCCCAGTGCCATTATAAGAATGTACGAAACAGTTGGAGAACTGAATCAGTTTCATGGTTACGCGGCAGATCACAATTTACTGTTGCTTTGGTTTCTGTTTGCCCTGGCGTTGCGCCTGCAGTGGTTAGGTGGCTCCCATCATCACCACCACCACTAATAAGGACAAAGCCACCAGGAGGATCCATAATGTCCAACGACCGTGGCGCGCTGGAAGAAGTTCTGGATGCGCTGAAAAAAAAAGATAAAGATACACTGCGCAACTTGGCCGAAAAATATACCGAGGATGCGACAACCTTTTTTCGTCAGTTGTGGGAAGAATTATGGAACCGTGTTGATGAATCAGCGCAAGCGAACTTGACCATGATCATCGGTTATATAACTATGTTTTATAACGTTGCACAAGTTCTGTGGGTTCTTATCGTTGCACTGCTGCATCGACTGGCGAAATATTTACAATTTCGGGGCGGGAGTCACCACCATCATCATCATTAATAAGTCTGAAAGAGAGTTTAAGGGGCCGTATTTATGTCAAACGATCGCGGTGCAATGGAAGAGCTGCTGGAGGTGTTGAAGAAAAAGGACCAAGATAAAGCACATAAATTGGCTCAGGACTATGCCAGCGATCTCGGCACTGCTGTCGAGCTGTTGCTGCGCCACCTCACGAAGTACACACAGGAACAAGCTCAGGATCGTCTGTCAGAGATAGTCGCTACGGTAATGCTCTGGGCAGGTTTTATTGCCAATATGTATGTATGGTTTTTGGCCCTGCTTATCATGTTAATCCAAAATTTAGAATTTAAAGGTGGGTCGCATCACCACCATCACCACTGATAACCCTAGCCCGCCGCAACCGATAAGGAGAGCATATTATGTCGAATGACCGTGGCGCTATGGATGAGATCCTGGATGCACTTCGCAAAAAGGACGTGAAAACATTACGGGCACTGGCGCCTAAATATGCTCGTGACCTCAGCAGTTTTTTCGAAACCCTCTGGAAAGAATTAGCAAAGCAGGTAAAAGATCATGTTCATGAGACAATAGTGCACATCATGTTCAAGAACGCAATGTATATGGGAATTGCAGCCAATCCGGAACTTCATTTGGCGTATCTGTTAATTCAATTGGCGCAGCATATAGATTGGGCAGGCGGCTCACACCATCATCACCATCATTGATAACGAGACC,delivered
12,1369,GGTCTCGGTTGATCGTTCACTAAGGAAGGATAATTATGTCTAATGATCGCGGTGCCATCGAAGACGTCCTTAAAGCACTGCTGTATCAGGATCGGGAAACTTTGCGGCAACTGGCTAGTAAATACGCCCGGGATTTCGAGCGCTACGTTGGTGAGTTCGCAGAACATTTATATTATTATATCGATCCACGTGCCATCATCCGCGCCTACGAAGCGGTAGGCGAGGCTAATCAGTTTCATGGCGTAGTGGCCAATACTGAGATTTTATTGAACCTGTTCTTTGTGCAATTGGCAACACAGCTTCAGTGGCAAGGCGGTTCCCATCATCACCACCACCACTAATAAGGACAAAGCCACCAGGAGGATCCATAATGTCCAACGACCGTGGCGCGCTCGAAGATGTGCTTGACGCACTTCGCAAGAAGGATCACGATACACTGCGGCAACTGGCCGATAAATACCTGCGCGATTTTTCCACCTTTGCTAAATTACTGCTGGAACATACCTACAACCGTATCGATCCGTCTGTACAGTGGCGGGCCACCAAGATAGTTGCATATGTAGCGCTCTTCTATAACATTGCCGCCAACCTGAAACTTCTGCTGATCATGTTATTTCATCTGCTGGCAATCTATCTGAATTGGAGAGGTGGTAGTCACCACCATCATCATCATTAATAAGTCTGAAAGAGAGTTTAAGGGGCCGTATTTATGTCAAACGATCGCGGTGCACTTGAGGAACTCCTGGATGCACTTAAAAAACGTGACCGTAAAACCTTAACTCGTATAGCGGAAGAAGCAGCCAAAGATCCCTCCACTTTCATGCTGCTGTTGTTTCTCGAGACGACGAAACATTTACAGGATGAAGCCCAAGAACGGCTGGTTCACATTATGCTTGAAATGCTGCTCTACGCAGGCGTGATTGCGGATATGGTCACTTGGATCCGTGCGATGTTTTATCTGCTCGCAATCCTTCTGAAATGGGCAGGGGGGTCGCATCACCACCATCACCACTGATAACCCTAGCCCGCCGCAACCGATAAGGAGAGCATATTATGTCGAATGACCGTGGCGCTCTGGAAGAGATCGTTAAAGCCCTGAAGAATAAAGATGTCAAAACGCTTAGAGCCCTGGCTCCTAAATACGCCCAGGATACCACAACCTTTTTCCGTCAGCTCTACGAAGAATTATCTAACCACGTTGATGAAGAAGCTCAGGATCTTGTTATCTTCATAATTGCGGCAAACGTTCAATACGATGGTATTGCAGCAAACAAGGAGCTGCACCTGGCATACATGTTCATTCAATTGGCGCGCGATTTGCAATTTCTGGGTGGTTCACACCATCATCACCATCATTGATAACGAGACC,delivered
rfc,1489,GGTCTCGGTTGATCGTTCACTAAGGAAGGATAATTATGTCTAATGATCGCGGTGCCCATCCATTGATCGTGAAAAAAATGCTTTTAGCAAGCAACTTAGAAGATAGCATCCAGATCCTGCGCACAGACCTCTGGAAGAAAGGGTATTCATCCATCGATATAGTAACGACTAGTTTTCGTGTTACCAAGAATCTGGCTCAAGTCAAAGAATCTGTCCGGCTGGAAATGATCAAAGAAATAGGCCTGACCCATATGCGTATTCTGGAGGGCGTGGGGACGTATCTTCAGCTGGCAAGCATGCTGGCTAAAATCCACAAATTAAATAATAAGGCCGGTGGCTCCCATCATCACCACCACCACTAATAAGGACAAAGCCACCAGGAGGATCCATAATGTCCAACGACCGTGGCGCGCGACCGTCGGATCTCAAAGCAGTCCTCAAATCTATCCTGGAGGACGATTGGGGTACAGCGCATTATACACTGAACAAAGTGCGTTCTGCAAAAGGTCTTGCTCTGATAGATTTGATTGAGGGAATCGTTAAAATTTTAGAGGACTATGAACTCCAGAACGAAGAAACCAGAGTTCATTTACTGACGAAACTTGCTGACATTGAATATAGTATTAGCAAAGGTGGCAACGATCAAATTCAGGGTAGCGCAGTTATTGGTGCCATTAAAGCGTCTTTTGAGAATGAAACGGTTAAGGCTAATGTAGGTGGTAGTCACCACCATCATCATCATTAATAAGTCTGAAAGAGAGTTTAAGGGGCCGTATTTATGTCAAACGATCGCGGTGCACATGATATTTTGATCGAAATAGTGGAAAAGGTGAAGTCAGGAGATTTTGACGAGATTAAAAAATATGTGAACACCTTCATGAAGTCTGGGTGGAGTGCCGCAAGCGTGGTAAACCAGTTGCATGAATATTACATTACCAATGACAACTTCGACACTAATTTCAAAAACCAGATTTCGTGGTTACTGTTTACCACCGATTCACGTCTGAATAATGGCACCAATGAACACATACAACTCCTGAACCTCCTGGTTAAAATTAGCCAGTTGGGCGGTTCGCATCACCACCATCACCACTGATAACCCTAGCCCGCCGCAACCGATAAGGAGAGCATATTATGTCGAATGACCGTGGCGCTCCTGACTGGATTATTGTGATTCATAAACTGACACGGAAAATCGTTAAAGAACGCAGTGTGAACTCTCTTATTGAATGTAGAGCAGTCCTTTATGATTTGCTGGCCCATTGCATCCCGGCGAACATCATCCTGAAAGAGTTAACCTTTAGTCTTCTGGACGTGGAAACCTTGAATACGACAAACAAATCTTCTATTATCGAATACTCCTCAGTCTTCGACGAACGGCTGAGTCTGGGTAACAAAGCGATATTTCATTTGGAGGGATTTATCGCCAAAGTGATGTGTTGCTTAGACGGCGGTTCACACCATCATCACCATCATTGATAACGAGACC,delivered
35,1369,GGTCTCGGTTGATCGTTCACTAAGGAAGGATAATTATGTCTAATGATCGCGGTGCCCTGGATGAAATACTCGATGCTTTTCGCCGTCAGGATCTGGATACGCTGGTCCGAGCAGCTAGCAAGTATGTGTACCATACAGAGGATGTGGTTCACTTACTGGCAGAATTGCTGTACAACCAAGTTCATCCTGAAGCGATAATACGAATTTACGAAATTGTTGGCGAATTTAATCAATATCACGGTTATGCGGCGGACCATTGGCTGTATCTGATATATTTCTTTAGCCTGCTGGCATATTATATCATTTGGCTGGGCGGGTCCCATCATCACCACCACCACTAATAAGGACAAAGCCACCAGGAGGATCCATAATGTCCAACGACCGTGGCGCGCTCGAAGAGGTGTTTGATGCCCTTAAAAAGAAAGATCACAAAAAATTAGCCCAGCTTGCCTGGAAATACGTTGAAGATTTTACAACCTTCATACACGAACTCTTCTTACAGTTAGCAAAACAGTTAAAAGACTCGGTTAAGTTCCTGTTGTCCTGGATCCTGGCGTATATGGCTCAATACTGGAACGTAGCCGCCGTCTATGTCGCCTTTATCCAATTTATGTTTGTGCTTTTAGCATTACATCTGGACTGGGCGGGGGGCAGTCACCACCATCATCATCATTAATAAGTCTGAAAGAGAGTTTAAGGGGCCGTATTTATGTCAAACGATCGCGGTGCAATGGAGGACGTGCTGGAAGCACTGAAAAAAAAAGATAGAGATAAAATCTTCAAGATGGCTTTTGACTTACAGCGCGATCCACACTCTTTCTTTCTGACACTGATGTATCTCCTTCGCAGTCAGCTGGACGATTCCACTAAAGAGGCAGCTCACCGTATAATTATGGAACATATTTTGAGTGCTGGTTTCGTGGCCCTTATGTTCGTGTTAATTGTCGCAACCCTGATATCCCTGATGAGAAACCTGCAATTCAAGGGAGGCTCGCATCACCACCATCACCACTGATAACCCTAGCCCGCCGCAACCGATAAGGAGAGCATATTATGTCGAATGACCGTGGCGCTATGGAAGAGGTAATCAAACGGCTGCGCAATCAGGATGTGAAACAGCTGCGTGCACTGGCGCCGAAATACGCGAATGATCTTCAAACCTTTTTTCTTACATTGTTATTGGAGCTGTTACAGCATATAAGCGAGGAAGCTCAGGACCGGGTAGTCCTGATAATTGCACATAATGTTCGTTACGATGGAATTGCGGCGAATCGTGAGCTTCATGTCGCCTATGCTTTGATCCAGTTAGCCCGTACAATAGAGTTTTTGGGCGGCTCACACCATCATCACCATCATTGATAACGAGACC,delivered
82,1369,GGTCTCGGTTGATCGTTCACTAAGGAAGGATAATTATGTCTAATGATCGCGGTGCCTTAGATGACGTTCTGGATGCTTTACGAAAAAATGACCTCGATCGATTGTACAAACTGGCACATAAATATGCTAAGGATTTCCTGCGCTTTGTGGGCGAACTGGCAGAAGAAATGTATTATCATGTGGATCCATCTGCTATCATACGTATCTATGAAATTGTCGGCGAGGCGAATCAGTTTCACGGATACGTTGTCAATGAAGATTTGCTGTTAGTTTGGTTTTTCACGGTCATCGCACGCGATGTGAACTGGCTTGGCGGTTCCCATCATCACCACCACCACTAATAAGGACAAAGCCACCAGGAGGATCCATAATGTCCAACGACCGTGGCGCGATAGATGAGGCGATTGAAGCTTTGCGTAAAAAAGATAAAGACACATTGCGCAATCTCGCTCCAAAATACGCCTGGCAAGCTAAAGATTTTTATCGTGAACTGATGGCCAAGTTAAAACAGCTTATCGAACCGCGTGCTGTTGAGCAACTGTTCCTGATTATCGGTTATGCGGCCATGTTTTACGCATTTGTTCAAAATCAAGTTTTGGCGACGGCATTTATGCTCATATGGCTGGCAAAGCATCTTATCTTCTTAGGAGGTAGTCACCACCATCATCATCATTAATAAGTCTGAAAGAGAGTTTAAGGGGCCGTATTTATGTCAAACGATCGCGGTGCACAAGAGGATGTGATGACAGCACTGAAAAACCAGGATTTCGATACGTTACGTCAGATTGCTAAGAAAGTTGCAAGCGATCACCAACGATTTGTGAAAGAGTTGTATGATGCGTTGATGAATAACGTAGATGACAGCGTCAAGGATGAAATTACCACGATCATTGCATATTCACTCTTCTATGCAAGTCTGGTAGCGGATCACGCAGTCTTCATTTTGGGTCGATTATATTTATTAGCCGCTCGCGTGCAATTTCAAGGAGGCTCGCATCACCACCATCACCACTGATAACCCTAGCCCGCCGCAACCGATAAGGAGAGCATATTATGTCGAATGACCGTGGCGCTTTGGACGAAGTCTTCGAGGCCCTGGCAAACAAAGATGTGAAGACCTTGCGCGCACTGGCTCCTAAATATGCTCAGGACATCCAACGCTTCATTCGAGAGCTTTTAGATGAACTCACCAAACGTGTGAAACCGGAGGTCCATTTTGCTGTTACCATTGTCTTGTTTCTTAATGTGATGTATGCGGGCATTGCCGCGAATCTGGAGCTGCATGTCGCTTACATGTTTATCCAATTAGCGCGTGTTTTAGATTTCTCAGGGGGTTCACACCATCATCACCATCATTGATAACGAGACC,delivered
58,1369,GGTCTCGGTTGATCGTTCACTAAGGAAGGATAATTATGTCTAATGATCGCGGTGCCATTGATGACGTGCTTTCAGCCTTGAAGAACAACGACGACCATACTTTAACCGATGCGGCGCGTAAATATGCACAGGATTTTTTGAATTTCGTTGGTACTCTGGCTCATTTGCTCTACAATCAGATCCACCCAGAAGCTATCATCCGCATGTATGAAGCAGTTGGTGAAGCCAACCAATATCATGATCTGGTAGCTGTGAATGAATTGCTGCTTCTGATGTTGTTTCTGCGTCTGGCACTGGAAATTATTTGGTTGGGCGGTTCCCATCATCACCACCACCACTAATAAGGACAAAGCCACCAGGAGGATCCATAATGTCCAACGACCGTGGCGCGCTTGAAGAGATTCTGAAGGCCCTGAAAAATAAGGATAAAAAAACGCTGTATCAGCTGGCCCCTAAATATGCAAATGACTTTAGCAATTTTATGCTGGAACTCGCTCGGCAGCTTGCACAGCATATCGACAAAGAAGCACGCGAGCGCATGTATCTGATTATATTTGACGTAGCCAAGTGGTACGCGATTGCGGCCGTACTGATACTGCTTCTTGAAGTGATGCTGACACGGTTAGCAGATTATATAGAGTTCAAAGGTGGAAGTCACCACCATCATCATCATTAATAAGTCTGAAAGAGAGTTTAAGGGGCCGTATTTATGTCAAACGATCGCGGTGCATTGGAGGAAATCTTTAAGGCGCTCAAAAACAAAGATATGGATACGTTGCATGATCTTGCGAGCAAATATGCGCGTGATCCAACGACATTCCTGCTGGAATTCCTTTGGCAGATTCGCAATTATGTAAAGGATCACGTACATACGCGTGTGCACGAAATAATTGGGCAGGCAACCTTCTATGCTGGCATTATCGGCAATCCATCTCTGTGGATTTTCGCATTATTCCTTTGGCTTGCCCAATATCTGGATTGGCGTGGTGGTTCGCATCACCACCATCACCACTGATAACCCTAGCCCGCCGCAACCGATAAGGAGAGCATATTATGTCGAATGACCGTGGCGCTCTGGATGACGTGCTGGAAGCGCTTCGGCTTAACGACGTTAAGACCCTGCGCGCCCTGGCACCTAAATACGCTCAGGACTTTACAACGTTTGTACGACAACTTCTTCACGAGTTGTTAAACCGAGTGACAGACGAGGCGCGACAAATTGTCCTGGATATCATGGCAAAAAATATAGCATATGCCGGTATTGCCGCGAATCCTGAACTGCATATTGCCTATATGTTTATAGCACTGGCGGCGAATATCAAATGGGCCGGAGGTTCACACCATCATCACCATCATTGATAACGAGACC,delivered
55,1369,GGTCTCGGTTGATCGTTCACTAAGGAAGGATAATTATGTCTAATGATCGCGGTGCCCTGGAGGATGTGTTAGATGCTCTGAAGAAAAATGACGCCGAACGGCTGTCTAAGCTGGCATCCAAACACATTAACCACTTCAAAGATTTCGTCGGGTATCTCGCAGAGCTGATATATAACTATATCGATCCACGAGCCATTATCCGTTTATATGAATTTGTTGGAGAAGCGAACCAGTGGCATGGTCAAGCGGCAAACGATGAAATCTTACTGCAATGGTTTCTGCTTGCATTAGCTAGACATCTCCTTTGGAAAGGTGGATCCCATCATCACCACCACCACTAATAAGGACAAAGCCACCAGGAGGATCCATAATGTCCAACGACCGTGGCGCGCTGGAGGAAGTGATGAAAGCTATTATGGACAAAGATAAGGACACCAGCACCGACCTGGCGGAAAAGTACAAAGATGATGCGTCGCGTGCTCTTAAGGAAATGCTGCGCGAACTGCTCTCTCGGTTAGATCCAAGCGCGTATGAACAGGCTTATGAAATAGCTGCCCACATCGCCATTTGGTGGAAGGTATCGGCAGTTCACTGGATTGCCATGAGCCATTTGTTTAAACTGTGGATCAAACGGCTGCAGTTTAGAGGTGGCAGTCACCACCATCATCATCATTAATAAGTCTGAAAGAGAGTTTAAGGGGCCGTATTTATGTCAAACGATCGCGGTGCAATGGAAGAATTACTGGATGCACTGAAAAAACAGGATTACGATACCCTGCACGAATTGGCTGCAAAATACGCGTCAGACCCCAGAACGGCCATGGAACTTCTGTGGCGTGAGATCCAGAACCACATCCCTGACGAGGTAAAAGATTTAGCACTGCATATCATTGCCTTTATTACACATTATGATGGCAAAGCAGCTGATCAGATATTACTGATAAAGCTTTTATTTGTTCTGCTGGCACTGAATATTAAATTTCTGGGAGGCTCGCATCACCACCATCACCACTGATAACCCTAGCCCGCCGCAACCGATAAGGAGAGCATATTATGTCGAATGACCGTGGCGCTGCTGATGAAGTGCTGGACGCGCTCTTTAAAAACGATGTCAAAACACTGAGAGCATTAGCTCCAAAGTACGCGCGGGACTTCACCTCATTTATCCGCGAATTAATGCACGCGTTATCGAATAATGTTAAACCGGAAACCCAATATAGAGTCAACATTATTATGGCCTATAATATTCTTTACGCAGGGATTGCGGCTAACCCGGAACTGCATATTGCGTACATGCTCATTGCTCTGGCACGTAATATTGATACAGCGGGGGGCTCACACCATCATCACCATCATTGATAACGAGACC,delivered
90,1369,GGTCTCGGTTGATCGTTCACTAAGGAAGGATAATTATGTCTAATGATCGCGGTGCCGATGAAGACATCCTGACCGCCTTACGCGATCAGGATCTGGACACTCTGTACAAAAAAGCACATGACAAGGCTCAGAATTTTGAAGACTTTGTTGGCGAGCTGGCTGAGAAACTTTACAGTCAGGTTCATCCGCGTGCCATTATTATCGTGTACGAAATCGTCGGCGAAACAAACCAGTTTCATGACCTGGCGGCCAATCTCGATCTTTTTTTGATTCTGCTCTTAACGAGACTTGCGCTTCATATCGAATGGTTAGGAGGTTCCCATCATCACCACCACCACTAATAAGGACAAAGCCACCAGGAGGATCCATAATGTCCAACGACCGTGGCGCGCTGGAAGAAGTCCTCGATGCCCTGCGACTGCAGGACCTGGAGGCATTAGCCAAATATGCCGAAAAGTATCAGCGAGATATCAAACGCTTTCTGCGTGAATTGCTGCGTGACCTGTTATCGCAGCTGCAGCCACAGGCGCAGTTCAAAACCATTTTAATTATTGGAACAGTGACCCAATTTGTAAACCTCGCTTCTGTTAAAGTTTTGCTTCTCTCTACTCTGCTGTATTGGCTTGCCTTTGAGATTATTTGGGCGGGGGGAAGTCACCACCATCATCATCATTAATAAGTCTGAAAGAGAGTTTAAGGGGCCGTATTTATGTCAAACGATCGCGGTGCAATTGAAGAGATTCTTGATCTGCTCAAAAAGAAGGATCAGTCACGTCTGTCTCAGGTGGCCAGTCGTCACGCTTCTGATCCCGCTACTACCTTAGATGAACTGCGACGCCATCTCGAAGAACAACTGAAGGATTCTACTAAGAAACTGCTGCTGACCATCCTTGGCCTGTTTCTGATGTATACCGGTATAGTTGCTGATCTGACTTTAATGCTGCGTGCAGTATTTCACGCGTTGATTAAAAACCTGGAATTTTCCGGCGGCTCGCATCACCACCATCACCACTGATAACCCTAGCCCGCCGCAACCGATAAGGAGAGCATATTATGTCGAATGACCGTGGCGCTCTGGAAGAGGTCATGAAAGCCCTGGCGAAAAAAGATGTGAAAACGTTGCGTGCCTTGGCGCCCAAACAGGCGCGTGATTTCACGGACTTTATTCGCAAACTGTACGAGGCATTGCGCGATCACGTAAAATGGGAAGCGTGGTCCAAAATTGCCATGATATTGGCAGAGAACACCCTGTATGCGGGGATTGCGGCGAATATGGAACTTCATATAGCTTACATGTTCATACAGCTGATTCGTAACATTGACTGGAGTGGCGGCTCACACCATCATCACCATCATTGATAACGAGACC,failed
84,1369,GGTCTCGGTTGATCGTTCACTAAGGAAGGATAATTATGTCTAATGATCGCGGTGCCATGGAAGATATACTGACTGCCTTGGCGAAAAAGGACCATGATACCCTGCATAAATTGCTGTCCAAGTATGCCTCTCATTTCAAAGATTTTGTTGGTACGCTCGCTGAGATCCTTTATTCACTGGTTAAACCCGAAGCAATTATCCGGGTCTATGAAATTGTTGGCGAAATCAATCAGTTTCATGGGGTCGTTGCCAATGAAGAGATATTGTTGCTGCTTCTTTTAATGCTGTTGGCCCTGCAGATAGACTGGTCTGGTGGCTCCCATCATCACCACCACCACTAATAAGGACAAAGCCACCAGGAGGATCCATAATGTCCAACGACCGTGGCGCGTTAGAGGACATCTTAGATGCTTTACGCAAAAAGGATCATGATCGTTTAAGACAATTGGCGCCCAAATATCGTGACGATTTTAGTCGCTTTGTAAAAGAACTCGTTGAAGAACTTTCCAAATACTTGGATCATTCCGCCCATTGGCGCCTCTATCTGATTGTTGGGTGGCATGCCGCGTATTGGAATATCGCTGCTGACCAAGATGTTCTCATCGCGGGGATGTTACATGCGCTTGCCTTTGAGCTCCAATGGCGGGGTGGTAGTCACCACCATCATCATCATTAATAAGTCTGAAAGAGAGTTTAAGGGGCCGTATTTATGTCAAACGATCGCGGTGCATTGGAGGATATCCTCGATACCTTAAAGAAAAAGGATCGCGATACCTTGCTCCAGTTGGCTAGCAAGTACGCGAGCGATGCCCGGACGTTTCTGCGTCTTATGCTGGAAGAAATGTCTAAACATATAGATCCGAGCGCGCATGAAATCTTGATGCGAATTACCGTATATGTGACGCTGATCGATGGAATCGTGGCGGTTAAGGAAATTTTAATCCAGTGGTATTTTTTCATGTTGTCACAGAATATACAGTTCCATGGGGGGTCGCATCACCACCATCACCACTGATAACCCTAGCCCGCCGCAACCGATAAGGAGAGCATATTATGTCGAATGACCGTGGCGCTGCAGATGAAGCGCTTGATGCCCTGAAAAAGCAGGATGTGAAAACACTGCGAGCTCTGGCCCCTAAAATGGCGCAGGACCCACGAAGCTTTATGCTGGAGCTTCTCCGTGAAATGTACAACAGAGTGAAACCGGAAGCTCAGAGTCGTATTTTTGATATTATTGGTCGTAACACAGCATACTTAGGGATCGCGGCTAATCCGGAGTTACACCTGGCTTACATGCTGATCCAACTTGCACAAAACGTAGACTGGAGTGGGGGTTCACACCATCATCACCATCATTGATAACGAGACC,delivered
s70,1369,GGTCTCGGTTGATCGTTCACTAAGGAAGGATAATTATGTCTAATGATCGCGGTGCCCTCGATGATGTCCACGAAGCTTTAAAAAACAAAGATTTTAAATCGCTCTACGCTATTGCACACAAACATTCCGCTGATGAATCATGGTTTGTAGGCAAGTTAGCTGAGGAATTATACTCTGTGCTGACCCCTCAGGCGATCATCCATATGTATGAGATTGTAGGTGAATTCAATCAGTACCACGGTATCGCAGCCGTAACTGAGCTGCTGCTGGTATGGTTGCTGTTCCAACTCGCATTACATCTGCAATTTAAAGGTGGGTCCCATCATCACCACCACCACTAATAAGGACAAAGCCACCAGGAGGATCCATAATGTCCAACGACCGTGGCGCGTTAGATGACGTGATCGAAGCCCTCAAAAACAAGGATACAAAGACCCTCCAAGCCCTTGCGCCAAAGTACGCCGCGGACATTAGCTGGTTTTTGCGCAAATTGGCTGAGGTAATGTTTAGCCAAATTACGCCGCAAGTTCAAATTCAGCTGGTTGAAATTATTGCAGAATACAACATGTTTTACAATCTCGTGGCGAGTAACGAAGTTTTTCTTTGGGCACTTCTGGAAACATTAGCTCAACGGATTCAGTGGAAAGGTGGAAGTCACCACCATCATCATCATTAATAAGTCTGAAAGAGAGTTTAAGGGGCCGTATTTATGTCAAACGATCGCGGTGCATTTGATGATGTTATCGAAGCACTGAAAAATAAAGATCGTAAAACCCTGTATGCGCTGGCGCCTAAGTACGCAGCAGACGTTTCGTGGTTTATGACAAAACTGCTGGAAACTCTCCAATCCTATATTACACCACAGGCCTATATTCGTCTTGTTGAAATTATAGCGGAGCATGCGCTCCGGTATGGTGTAGTGGCGGTCACCGAACTGCTTCTTCAGCTGTTACTGAGCCATCTCGCTCTCAACTTACAGTTTAAGGGAGGTTCGCATCACCACCATCACCACTGATAACCCTAGCCCGCCGCAACCGATAAGGAGAGCATATTATGTCGAATGACCGTGGCGCTATGGATGATCTGTTAGAGGCTTGGAAAAATAAGGACGTTAAATGGCTCCGTGCCCTCGCGCCTAAGTTCGCCGCCGATACATCATGGACCTTACTGAAAATTGTAGAACAACTGTCCAGTCGTACGACACCCCAAGTTAACATTCGCGTATCCGAGATTGTGGCGTGGAATACCTTTTATGACGGCATCGCTGCGAATAAAGAGCTGCACCTGGCTTATCTTTTTATAGAACTTGCCTGCAACATTCAGTTTAAAGGCGGTTCACACCATCATCACCATCATTGATAACGAGACC,delivered
s88,1369,GGTCTCGGTTGATCGTTCACTAAGGAAGGATAATTATGTCTAATGATCGCGGTGCCCTGGATGACGTGCACGAAGCGCTGAAAAACAAAGATTATAAAACCCTGCATGCCCTGGCCCCGAAGTACGCAGCGGACTGGAGCTGGTTTGTTGGCAAATTAGCAGAGGAACTTTATAGTCAGGTGACCCCTCAGGCGATCATTCATATCTATGAAATTGTCGGAGAAACCAATCAACTTCATGGCGAGGTAGCCGTCGAAGAGCTGGCAATCATGGCATTATTTCATCGGTTAGCACTGCACATTCAGTGGAAGGGAGGTTCCCATCATCACCACCACCACTAATAAGGACAAAGCCACCAGGAGGATCCATAATGTCCAACGACCGTGGCGCGCTTGATGACGCGCTGGAGGCCCTCAAAAATAAAGATTATAAAACGTTAAAAGCCCTGGCACCTAAGTTCACCGCGGACGCATCATGGTTTCTGAAAAAATTTCTTGAAATGGTACTGAGCCACGTTACCTGGCAGGCTTGGCATCGCGTTGTGGAAATTATTATGCAAGTTGTACTTTGGTGGAATGTGTTTCAGAATCTGGAACTGGCGATAGCGGCTTTGTTACTGATGCTTGCTTGGTACGCGCAATTCAAAGGTGGTAGTCACCACCATCATCATCATTAATAAGTCTGAAAGAGAGTTTAAGGGGCCGTATTTATGTCAAACGATCGCGGTGCAATGGATGATGTCCTTGAAGCATTAAAGAACAAAGACCTGAAAACTCTGATGGCCCTTGCCCCTAAATATGCTGCAGACACCTCTTGGGCAATGCTGAAATTGATTGAACGACTGAGTTCGCACGTGACCCCACAGGATCTTATCAAGCTGTGGGAGATTATGTTCGAAGTCTTGATGTACGACGGCAAGATGGGCGAAGCAACTTTACTTCTGTTACTTGCTCTGGCGCATTTCGCAGTTTGGCTCCAATTTAAAGGTGGCTCGCATCACCACCATCACCACTGATAACCCTAGCCCGCCGCAACCGATAAGGAGAGCATATTATGTCGAATGACCGTGGCGCTCTGGACGATCTTCTGGAGGCATTTAAGAATAAAGATGTAAAAACTTTGCGGGCATTAGCACCGAAGTTCGCCGCGGACCCAAGCTGGTTATTTGGCAAGTTACTGGAGCATCTTGCGTCTAATGTAACACCGCAAGCGCAATACGCAATTATTGAAATTTTAGGGTGGAATGCCGCGTATCTTGGCATAGCCGCAAACCCTGAGTTACATTTAGCATATCTGTTTATCCAGCTGGCATGTCATTTACAGTGGAAAGGAGGCTCACACCATCATCACCATCATTGATAACGAGACC,delivered
s63,1369,GGTCTCGGTTGATCGTTCACTAAGGAAGGATAATTATGTCTAATGATCGCGGTGCCCTGGACGACGCCCATGAAGCTCTGAAAAACAAAGATTATAAAACCCTCATTGCCCTTGCGCCAAAATACGCAGCAGATTGGAGTTGGTTCGTTGGAAAATTAGCGGAGGAGTTATATAGCCAGGTTACCCCTCAGGCCATCATACACTTATACGAAATCGTCGGGGAACACAATCAATGGCATGGCTTGGTGGCAGATGATGAATTTTGGTTACTGGCCCTTTTCTCTCACCTGGCGAAATACATCCAGTGGAAAGGAGGGTCCCATCATCACCACCACCACTAATAAGGACAAAGCCACCAGGAGGATCCATAATGTCCAACGACCGTGGCGCGCTGGACGAAATACTGGAAGCATTAAAAAATAAAGATGAAAAAACATTGCATGCCTTAGCCCACGCCTATGCCGCAGATGCCAGTTGGGTCATAAAGAAACTTTTTGAAATGTTGATGAGTCACGTTACGCCTCAAACACTTGTTACGCTGATCTGGATTTTCGCGTGGGTGGCTCAGTTCTATGCCGTAGCGGCAAATTTGGAAGTCTTCCTGATTGTGCTGTTTCTGCGCCTGGCTTGGAATATCCAGTTTAAAGGAGGTAGTCACCACCATCATCATCATTAATAAGTCTGAAAGAGAGTTTAAGGGGCCGTATTTATGTCAAACGATCGCGGTGCATTCGATGACGTTCTGGAAGCTTTGAAAAATAAAGATTTCAAACGCTTAATCGCGCTGGCGCCTAAATTTGCTGCAGATACCTCTTGGTTCTTTCGGAAACTGGCTGAACATGCTGATAGCTATACTACGCCGCAGTCGATTATTCGCTTATGGGAAATTATTGGAGAGGCCGTTTTCTATGACGGCATTGTTGCTAATCAGGAGGTATGGGTACGGGTTACACTGTTCCATCTGGCTGTATGGATTCAATGGAAAGGAGGATCGCATCACCACCATCACCACTGATAACCCTAGCCCGCCGCAACCGATAAGGAGAGCATATTATGTCGAATGACCGTGGCGCTATGGACGATACGATTGAAGCACTCAAAAATAAGGATGTGAAGTATCTGCGCGCACTGGCGCCCAAACATGCTGCCGATCCTTCATGGTTTCTGAAAAAGCTGATAGAAGATCTTTTCTCGCAGCTCACGCCGCAGGCTCAGTACTTTATTTTCGAGGTAATAGGTTGGAATGCTGCATACTTTGGTATAGCTGCGAACCCTGAATTGCACATAGCTTATCTGCTGATAGTGCTTGCATGTAACCTTCAGTGGAAAGGCGGTTCACACCATCATCACCATCATTGATAACGAGACC,delivered
s23,1369,GGTCTCGGTTGATCGTTCACTAAGGAAGGATAATTATGTCTAATGATCGCGGTGCCATGGACGATATGTTAGAGGCTCTTAAAAATAAAGACACTAAGACGTTGCTTGCCCTGGCTCCAAAGTGGATCGCGGACTTCTCTTGGGTCGTGGGGAAATTGGCAGAATTGCTGTACTCCCAGATTACGCCTCAAGCGATTATCCGTATGTACGAGATCGTGGGTGAAGCAAATCAGTACCATGGCATCGTGGCAGTTGAAGAGATGTTATTACAGTATTTACTGATCGCGTTGTCTCGTCAACTGCAGTGGAAAGGTGGCTCCCATCATCACCACCACCACTAATAAGGACAAAGCCACCAGGAGGATCCATAATGTCCAACGACCGTGGCGCGATGGATGATCTGTTAGAGGCTCTGAAAAACAAAGATGCCAAGACACTCTGGGCTTTAGCACCTCGTTATGCCGCCGACTTCAGTTGGGCGATGAAAAAGCTCCTGGAGGATATCCTGTCTCAGGTTACCCCGCAAGCGCAATCTCGTGTCCTGGAAATTATGTATGAGGTGGCCCTCCACTATAATATCGCGCAGGATCTGGAACTGCTGCTTTATATGCTGTTTCGGGCGTTGGCGCATCATGCACAATGGGCGGGAGGAAGTCACCACCATCATCATCATTAATAAGTCTGAAAGAGAGTTTAAGGGGCCGTATTTATGTCAAACGATCGCGGTGCATTCGATGATTTAATGGAAGCCCTGAAGAACAAGGACACTAAAACCCTGCACGCATTGGCGCCCAAATATGCAGCCGACACCTCATGGTTTTTACGTAAGTTGGCTGAAATTCTTGATTCCGTCTTAACTCCACAGGCATCGATTCGTATGATTGAAATTATGCGTGAGTTCACCTTATTAGACGGTGTTGTAGCAGATCCTGTGGTGTTTATTGCTGCATTGTTCTGGGCGTTGGCCCAGAATCTTCAATTTAAAGGTGGTTCGCATCACCACCATCACCACTGATAACCCTAGCCCGCCGCAACCGATAAGGAGAGCATATTATGTCGAATGACCGTGGCGCTCTGGATGACCTGCTTGAAGCCTTTAAGAATAAAGACGTAAAAACACTGCGTGCGTTGGCGCCCAAATTTGCAGCTGATTACTCATGGGTGATGGGAAAACTCCTTGAGGAGCTGTCTTCACGCGTCACCCCTCAAGCGCGGATTCGGGTTTACGAAATTATGGGCGAAAATATGCTGTACTATGGCATCGCCGCTAACACTGAGCTGCATTTAGCCTACCTTTTTATCGCCTTAGCGTGTAATATACAATTTAAAGGAGGATCACACCATCATCACCATCATTGATAACGAGACC,delivered
s114,1369,GGTCTCGGTTGATCGTTCACTAAGGAAGGATAATTATGTCTAATGATCGCGGTGCCATGGATGATGTTCTTGAGGCGTTGAAGAACAAAGACCTGAAGACTCTTCTCGCTCTGGCACCGAAATACGCGGCGGACTTTTCATGGTTTGTTGGAAAACTGGCAGAGATCCTCTATTCACAGGTTACCCCTCAAACCATTATCTGGCTTTATGAAGCAGTGGGTGAACACAATCAGTACCATGGGTGGATCGCGGATCATGAACTGGCAATGCAAGCTACCCTTTCTCACTTCGCGTGGTTTATTCAGTGGAAGGGGGGGTCCCATCATCACCACCACCACTAATAAGGACAAAGCCACCAGGAGGATCCATAATGTCCAACGACCGTGGCGCGTTCGACGATATCTTGGAAGCCATGAAAAATAAAGATGCGAAAACACTGTGGGCGCTGGCCCCGAAGGTAGCGGCAGATACTAGCTGGTACCTGAAGAAGTTACTCGAGATGCTGCTGTCGTATGTGACGCCTCAGGCGCAGCACATCGCAACTTGGTACTTTGGCGAATTCGTACATTACGTAGCGCTGCTTGTTAATCTTGAAGCGGCTTGGCAATGGCTGTTTACAGTACTCGCCCGTTCCTTGCAGTTCAAGGGTGGTAGTCACCACCATCATCATCATTAATAAGTCTGAAAGAGAGTTTAAGGGGCCGTATTTATGTCAAACGATCGCGGTGCAATGGATGACATTCTGGAAGCTCTGAAAAACAAAGATTCCAAGACCCTTTTGGCTTTGGCTCCGAAGTACGCCGCCGATCCGAGTTGGGCTGCTTTAAAGCTGGCCGAACAGCTTATGTCTCGTATCACCCCACAGGCAATAATCATAATGCTGGAGATACTGTGGGAATTCATCGTTTATTTCGGTGTAGTAGCTAGTGAAGAATTACTGGTTCAGTTTATGTTCTGGCAACTGGCCTGGAGATTACAGTTCAAGGGAGGTTCGCATCACCACCATCACCACTGATAACCCTAGCCCGCCGCAACCGATAAGGAGAGCATATTATGTCGAATGACCGTGGCGCTATGGATGATGTTATAGAAGCATTAAAAAACAAAGATGTAAAACAACTGAGAGCATTAGCGCCTAAATATGCGGCCGATCTCAGTTGGACTCTGCAGAAACTGCTGGAAGCCATTTATAGTCAAGTGACTCCGCAAGCCCAGATACGGACAGCGGAGACTATATGGGAAAATGCCGCTTATGCCGGGATAGCAGCAAATCCGGAACTGCACCTGGCTTACTTACTGATCGAATTGGCATGTAGAATCCAGTGGAAAGGCGGCTCACACCATCATCACCATCATTGATAACGAGACC,delivered
m9-2836,1369,GGTCTCGGTTGATCGTTCACTAAGGAAGGATAATTATGTCTAATGATCGCGGTGCCCTCGATGAGATATTGGAAGCAATTAAGAATAAAGACATTAAAAAATTGATTGCTCTGGCTCCGAAATACGCGGCAGATTATTCGTGGGTTGCGGGTAAAATCGCTGAAGAGCTGTATAGTCAGGTAACCCCTCAGAGCATTATTAAAATTTATGAAATTGTGGGGGAGCATAATCAGTACCATGGCATTACATCTTCTCTGGAACTGCTTTTCCTCGATACCCTGGTGCATTTAGCGGAAAAAACTCAGTTTAAAGGTGGCTCCCATCATCACCACCACCACTAATAAGGACAAAGCCACCAGGAGGATCCATAATGTCCAACGACCGTGGCGCGTTAGACGATCTGCTGGAAGCGTTAAAAAATAAAGACGTTGAATTGTTACGAAAACTGGCCCCCCGCTACGCAGCCGACATCTCCTGGTTTTCCAAAAAACTGGTCGAGGAGCTTCTGTCACTGTTCACTCCTCAGTCACAAATTAAAATTGTAAGCATCATTGGCTGGCATGATCATTATGCGAATATTACGGCCAGTAAAGAATTACTCACCATATCAATCTCTCACGAGCTTGCGTGGACACTCCAACCCAAGGGGGGCAGTCACCACCATCATCATCATTAATAAGTCTGAAAGAGAGTTTAAGGGGCCGTATTTATGTCAAACGATCGCGGTGCATTAGACGATGTGATCGAAGCAATAAAGAACCATGATCGCGAACGGCTGCATGCTCTCGCTCCGCGGTATGCAGCGGATCCGAGCTGGTTTCTTCTCAAACTGTATGAAGAACTGACGAAGCGCGCCACTCCGCAGAGCCACATAGCTGTCACGGAATTAGTTAGCGAAGCCTCGCACTACGCTGGCATTGTTGCTAACAAAGAACTTCATTTAGCGATGTTGTTCCAGCGTCTCGCGAATAACGTGCAGTTTAAGGGTGGTTCGCATCACCACCATCACCACTGATAACCCTAGCCCGCCGCAACCGATAAGGAGAGCATATTATGTCGAATGACCGTGGCGCTCTCGATGATGTAATAGAAGCGATTAAGAACAAAGACGTCAAAAAGTTGCGAGCTCTGGCACCCAAATACGCTGCTGACCTTTCCTGGTTTTACAAAAAGTTGTATGAAGAAATAAGCTCCCGCATTGATGACCGTAGTCGTGATCTGTTAGCCGAAATTTTGTGGGAAAATCATGCATATGCAAATATCGCAGCAAACCCTGAGCTCCATGTTGCTTATTTATTTATCCAGTTGATTTGCAATCTTCAGTTTAAAGGTGGATCACACCATCATCACCATCATTGATAACGAGACC,failed
m137-2332,1369,GGTCTCGGTTGATCGTTCACTAAGGAAGGATAATTATGTCTAATGATCGCGGTGCCCTGGATGATGTGATTGAGGCGATCAAAAACAAAGACCGCAAAACGTTAAAGGCACTTGCCCCTAAGATTGCGGCAGACTGGTCTTGGGCCGTCGGAAAAATCGCAGAGGAACTGTATTCTAAAGTTACGCCTCAGAGTATTATTACCATTTACGAACTTGTGGGTGAGACAAATCAATACCATGGCATTGCTGCTAATCTGGAACTGCAAGCAGTCTATTTTCTCGACTATCTGGCTGAGAATGTGCAATTTAAAGGCGGCTCCCATCATCACCACCACCACTAATAAGGACAAAGCCACCAGGAGGATCCATAATGTCCAACGACCGTGGCGCGCTGGATGATGTAATTGAAGCGATTAAAAACAAAGATTGGGACAAGCTTTATGAGCTGGTTTGGGACTACGTTGCGGACATCAGCTGGTTCCTGAAAAAACTGTACGAAGAACTGGACTCAAACTCTACTCCACAAAGCAGCGGCAAGATAAGCAAAATCATCGGCGAAGCCAATCAGTATGCGGGTATCGCGGCGTCAAAATCCGTTCTTCTGCAGTCAATGTTGACAAAATTGGCTGATGAAGTTCAGTTCAAGGGTGGCAGTCACCACCATCATCATCATTAATAAGTCTGAAAGAGAGTTTAAGGGGCCGTATTTATGTCAAACGATCGCGGTGCAATGGATGACTTATACGAAGCGGTTAAGAATAAGGATTATAAAAAGCTTCATGAATTAGCTCCCAAATATGCGGCCGATATATCCTGGTTTATCGAGAATGCCTACTATTACTTCCGCAGTAAAGTTACACCACAGAGTTGGTCCACGTTAGTTGAAATTTTTTCTGAAGCAAGCCAGTATGCCGGTATTGCGGCAAATAAAGAAATGCACTTGTTGGGGTTTTTCCACAAACTGGCGGAGAAGGTTCAGTACAAGGGGGGCTCGCATCACCACCATCACCACTGATAACCCTAGCCCGCCGCAACCGATAAGGAGAGCATATTATGTCGAATGACCGTGGCGCTCTTGATGATGTTATAGAAGCCATGAAAAACAAAGATGTTAAAACCCTTAGAGCGCTTGCACCGAAATACGCCGCCGACCCATCTTGGACTATCAAGAAACTGTGGGAAGAGCTGTCCTCTATTGTTGATTGGGAATCAGTGCATAAAATTACCGAAATTTTATATGAGGTGAATAAGTATGCTGGAATTGCAGCAAATCCGGAATTACATTTCGCCTATGTGTTCATAAAAATCGCCTGCACGGCAAACTTTAAAGGTGGTTCACACCATCATCACCATCATTGATAACGAGACC,failed
m9-5343,1369,GGTCTCGGTTGATCGTTCACTAAGGAAGGATAATTATGTCTAATGATCGCGGTGCCCTGGATGAATTGTTGGAAGCAATTAAAAATAAGGACATTAAAAAACTCATTGCTTTGGCTCCTAAGTATGCTGCAGATTATAGTTGGGTGGCCGGTAAACTTGCAGAAGAGTTGTACAGCCAGGTGACACCTCAAAGCATCATTAAAATATATGAAATAGTAGGTGAACATAATCAATATCATGGCATAACGAGCTCACTTGAGGTGAATTTCCTCGATTTGCTGGTACATTTGGCGGAAAAAACCCAGTTCAAGGGGGGCTCCCATCATCACCACCACCACTAATAAGGACAAAGCCACCAGGAGGATCCATAATGTCCAACGACCGTGGCGCGTTAGACGATCTCTTAGAAGCACTGAAAAACAAAGATGTTGATAAACTGCGCGAGATAGCGCCGCGTTATGCAGCGGATCTTAGCTGGTTTGTAAAAAAACTGGTTGAAGAAGCACTGTCGGTCTTCACACCACAAAGTCAGATCAAAATTGTCGAAGTAGTAGGTTGGCATGATCATTATAGTAACATAACGGCGAGCAAAGAACTGCTGACAATTCGAATTTCGCACGAACTGGCCTGGACCCTGCAGCCGAAAGGCGGTAGTCACCACCATCATCATCATTAATAAGTCTGAAAGAGAGTTTAAGGGGCCGTATTTATGTCAAACGATCGCGGTGCACTGGATGACGTAGTGGAAGCTATCAAAAATCATGACCGTGAAAAATTGCACGCCCTGGCTCCTCGCTATGCAGCGGATCCATCGTGGTTCTTGTTAAAATTATACGAAGTCTTAACGAAGGAAGCTACACCGCAGAGTAGAATTGCTGTAACCGAAATTGTGAGCGAGGCTTCACTCTACTCCAACATAGTAGCGAACCCGGAACTGTGGTTGGCCATGCTGTTTGTTCGGTTAGCACGGAACGTGCAGTTCAAAGGGGGATCGCATCACCACCATCACCACTGATAACCCTAGCCCGCCGCAACCGATAAGGAGAGCATATTATGTCGAATGACCGTGGCGCTTTAGATGACGTCATCGAAGCGATTAAAAATAAAGACGTGAAAAAACTGCGTGCCCTGGCGCCTAAATATGCAGCAGATCTCTCATGGTTCTATAAAAAACTTTACGAGGAGATCAGTTCCCGTATAGATGATCGTAGTCGTGATAAGCTGGCTGAGATACTTTGGGAAAACATGGCGTATTCTAATATCGCTGCGAATCCGGAGTTACATGTTGCCTATTTATTTATTCAGCTCATATGCACCTTACAGTTTAAAGGTGGATCACACCATCATCACCATCATTGATAACGAGACC,failed
m127-3375,1369,GGTCTCGGTTGATCGTTCACTAAGGAAGGATAATTATGTCTAATGATCGCGGTGCCATGGACGATGCACTTGAAGCCATTAAAAACAAAGATCTGAAAAAACTGATCGCTTTAGCGCCCGTGTATGCTGCCGACTACTCTTGGGCTGTCGGTAAGCTGGCGGAAGAAATTTATTCCCAGAGTACGCCACAGTCCATTATTGCCATCTATGAAATTGTGGGAGAACACAATCAGTTTCACGGGATCACAGCGAATGAGGAAGTCGCTGTTGCCGCGGTTTTCGCACATTTGGCTGAGAAAGTACAATTCAAAGGGGGCTCCCATCATCACCACCACCACTAATAAGGACAAAGCCACCAGGAGGATCCATAATGTCCAACGACCGTGGCGCGCTGGATGATGTAATTGAAGCGATAAAAAATCAGGATTACGAGAAATTACGGAAACTGGCGCCAAAATATGCGGCTGATGCGTCATGGTTTTACAAAAAATTAGTGGAAGAACTGCTTAGTGAGGTCACCCCCCAAAGTCAGATAGAATTGGTGGTCCTGGTTGCCTGGCATAATCATTTCGCCGGCATAACCCCAAACAAAGAGCTTAACGTAGAACATCTGCTTTTAGATCTGGCTCGCAAACTGCAATTTAAGGGCGGTAGTCACCACCATCATCATCATTAATAAGTCTGAAAGAGAGTTTAAGGGGCCGTATTTATGTCAAACGATCGCGGTGCATTCGACGATGTTATAGAAGCAATCAAAAACAAGGATTACGATAAACTGCTTGCCCTGGCACCGAAGTATGCCGCAGACATTAGCTGGGCACTGTCAAAACTTAATTATGCACTGAGCGAGAACAGTACCCCACAGAGTCTCGAAGCGCTTCACGAGATTTCCTCCGAGGCTAATCACTTTGCGGGAATAACCGCTAATCCAGAGTTGGCCCTGCTGGATTTATTTGTTAAGCTGGCCAACACCATTCAGTTCAAAGGGGGATCGCATCACCACCATCACCACTGATAACCCTAGCCCGCCGCAACCGATAAGGAGAGCATATTATGTCGAATGACCGTGGCGCTATGGATGATGTTGTAGAACCTATAAAGAATAAAGATGTAAAACAATTACGTGCCTTAGCGCCAAAATACGCTGCGGATTTATCTTGGTTCTATCGCAAGCTGATACGCGCTCTGTCAAAGGCTTTCACTCCGCAATCCAGAGTCAAGGCTTGGTTAATCCTTGTTGAAAACCTTCATTATGCTGGGATTGCGGCAAACCCTGAGCTGCATCTGGCGTATAGTTTTATTGTTCTTACGTGCGTCGTCCAGCCGAAGGGTGGTTCACACCATCATCACCATCATTGATAACGAGACC,failed
m59-1079,1369,GGTCTCGGTTGATCGTTCACTAAGGAAGGATAATTATGTCTAATGATCGCGGTGCCTTGGATGATGTCATCGAAGCTATCAAGAATAAAGACATCGATAAACTGTATGAACTGGCGCATGTGTATGCAGCCGATCCTTCTTGGTTTGTAGGTAAACTGGCAGAAGAACTGTATTCTAAGGTTACGCCACAGTCCATCATTACACTTTATGAAATTGTAGGAGAATATAACCAGTATCATGGTACCGCGGCCAACCATGAACTTCATCTGCTTGATCTTCTGACCCGACTCGCACAGAAGCTGCAGTGGAAAGGTGGATCCCATCATCACCACCACCACTAATAAGGACAAAGCCACCAGGAGGATCCATAATGTCCAACGACCGTGGCGCGCTGGATGATGCACTTGAGGCCATTAAAAATAAAGACGTTGAAAAATTATACGAAATTGCTCCAAAATACGCGGCGGACTTCTCACGGTTTTCTCGGGATTTGCTTCATGCTCTGTATTCAATACTGACTCCGCAGAGCAAACTTAAAGCAGCAGAGATTATCACAGAAAATGGCAAATATGCGAATACTGCCGCGAATAAAGAGTTGCTCGTTGAAGATCTTCTGAGAAAACTGGCCCATGAAGTGCAATGGAAAGGAGGAAGTCACCACCATCATCATCATTAATAAGTCTGAAAGAGAGTTTAAGGGGCCGTATTTATGTCAAACGATCGCGGTGCAATGGATGATGTGATCGAAGCAATTAAAAATAAAGATTACGAAAAACTTTGGGAGCTTTCTTGGGAATACAGTGCGGATGTGTCATGGTTTTTAGCTAAGCTCAGACGCGAGCTGGAGAAGCGTGCTACCCCGCAATCATCCGATGCCATCTATGAAATCATTGGTGAAAACAATAAATACGCAGGTACTGCCGCAAATAAAGTTGTGCTTATTATAAATACCCTGTTTAAGTTAGCGAATAACGTCCAGTTTAAGGGGGGTTCGCATCACCACCATCACCACTGATAACCCTAGCCCGCCGCAACCGATAAGGAGAGCATATTATGTCGAATGACCGTGGCGCTTTGGACGATGTCATCGAAGCACTGAAGAATAAGGATGTCAAACAGCTGCGTGCTCTTGCGCCTAAATATGCAGCAGATCTTTCATGGACCCTGCATTCTATTATCGAGGAATTATTTTCACTGGTCACGCCTCAGTCCCGTGTGATTGTCGCGGAAATCACCTATGAAAATAATAAATATGCAGGCATCGCGGCGAATCCAGAACTTCATATGGCGTATACGTTAATTCAATTAGCCTGTAATGTTCAGTTTAAAGGGGGCTCACACCATCATCACCATCATTGATAACGAGACC,failed
m54-2117,1369,GGTCTCGGTTGATCGTTCACTAAGGAAGGATAATTATGTCTAATGATCGCGGTGCCTTTGACGACGTCATTGAGGCGATAAAGAACAAAGACTATGATAAGCTGATTGCTTTAGCGCCCAAATACGTCGCAGACTATTCTTGGTTCGTTGGCAAATTAGCTGAAGAGCTGTATAGTAAGGTAACCCCTCAATCTATTATTGCCATTTATGAAATCGTTGGTGAATCTAATCAATATCACGGCACGGAAGCAGACGAAGAAATACATTTATTCTATTTTCTGTCAAAACTGGCAGAGAAGCTGCAGTTTAAGGGCGGCTCCCATCATCACCACCACCACTAATAAGGACAAAGCCACCAGGAGGATCCATAATGTCCAACGACCGTGGCGCGCTGGATGATGTAATAGAAGCGATCAAAAATAAAGATTATAAAACTCTGCATAAGCTTGCGCCAAAGTATGCAGCGGATGCTTCATGGTTTCTTCGTAAACTGTTCGAAGAAGTGTTGTCGCGGGTGACTCCGCAGTCCAAACAGAAAGCTATTTGGCTGGTTTCAGAGGCAAATATTTACCACGGCACCGCAGCCGATAAAGAACTGATGTTACAGTATTTGTTTGTGAAATTAGCCGACGAACTGCAGTGGAAAGGGGGGAGTCACCACCATCATCATCATTAATAAGTCTGAAAGAGAGTTTAAGGGGCCGTATTTATGTCAAACGATCGCGGTGCAATGGATGACGCCATTGAGGCTTTAAAGAACAAGGATCTCAAGAAATTGACCGAGATTGCACCAAAATATGCGGCTGATGTATCCTGGTTCCTCAAGAAACTTACCGAAGAATTGGCATCTAAAGTCACTCCGCAGTCCTACAAGGCGTTATGGGATGTCATCTCCGAAGGGAACCTGTATGCGGGTACCGTTGCAAGTAAAAGTGTGTGGATCGCTAACCTGCTGCATAAGCTGAGCGAGGTGCTTCAATTTAAGGGCGGCTCGCATCACCACCATCACCACTGATAACCCTAGCCCGCCGCAACCGATAAGGAGAGCATATTATGTCGAATGACCGTGGCGCTCTGGATGATGTGATCGAAGCTCTCAAAAATAAAGATGTAAAAACGCTCCGAGCGTTAGCACCGAAATACGCAGCGGATATTAGTTGGTTTCTGGACAAACTGTACAAAGAGCTGAGCTCAAACGCCACCGAAGAATCATGGAAAAAAGCTGCGGAAATCATCGCGGAGAATTCTCTTTATGCTGGTATTGCAGCGAACCCGGAGCTGCACTTAGCATATACATTAATTGTTTTGGCCTGCAATATTCAGTTTAAGGGAGGATCACACCATCATCACCATCATTGATAACGAGACC,failed
s70-7551,1369,GGTCTCGGTTGATCGTTCACTAAGGAAGGATAATTATGTCTAATGATCGCGGTGCCTTAGACGACGTGCACGAGGCAATCAAAAACAAGGATTATAAAAAACTCTATGCTCTGGCACATAAATATTCCGCAGATCCGTCATGGTTCGTGGGCAAACTCGCAGAAGAATTATACAGCGTGCTGACCCCACAAAGCATTATCGAACTGTATGAAATTGTAGGGGAGTACAACCAATTTCATGGGATCGCTGCCGATACCGAGCTTTTGCTGGCCGATACTCTGGTTAGACTGGCGGAAAAACTGCAGTTCAAAGGCGGCTCCCATCATCACCACCACCACTAATAAGGACAAAGCCACCAGGAGGATCCATAATGTCCAACGACCGTGGCGCGCTCGATGACGTGATCGAAGCTCTGAAAAATAAAGATACAAAAAAATTACAAGCACTCGCTCCCAAATATGCTGCAGACCCGAGCTGGTTTTTCAGAAAACTTAAGGAAGAACTGTTCAGTAAGGTAACACCACAATCTCAGATTAAAGTTGTCGAAATCATATCTGAACACAACAAGTTTTATAACATAGCGGCTAGTAAGGAAGTACTGCTGTGGGGCCTCTTAGTAGATCTGGCGGAAAAGATTCAATTTAAAGGCGGCAGTCACCACCATCATCATCATTAATAAGTCTGAAAGAGAGTTTAAGGGGCCGTATTTATGTCAAACGATCGCGGTGCATTTGACGATGTTATCGAAGCCATTAAAAATAAGGATAGAAAAAAGCTTTATGCGCTTGCACCAAAATATGCAGCAGATCCGTCGTGGTTTTTTACTAAATTACTTGAAGAGCTGCAGTCCCATGTCACGCCTCAAAGTTATATTAAACTGGTGGAGATTATTACAGAGCACTCCAAATACTATAACATAGCAGCGTCCAAAGAATTACTGATACGTGATCTGTTGTCACATCTGGCAGAGAATTTGCAGTTCAAGGGCGGTTCGCATCACCACCATCACCACTGATAACCCTAGCCCGCCGCAACCGATAAGGAGAGCATATTATGTCGAATGACCGTGGCGCTATGGACGACGTACTGGAAGCACTGAAAAATAAAGACGTAAAATGGCTCCGTGCTCTGGCGCCCAAATATGCAGCCGATGTGTCCTGGTTTTATCTTAAATTGGTGGAGGAGCTTAGTAGCCTGGCCACGCCACAGACCAACATTGCCGTGAGCGAAGTGGTTTCTTGGAATAACAAATACTATAACATTGCCGCCAATCCTGAACTGCACCTGGCCTATACGCTGATTGAACTGGCTTGTGTCACTCAATTTAAAGGTGGCTCACACCATCATCACCATCATTGATAACGAGACC,failed
m59,1369,GGTCTCGGTTGATCGTTCACTAAGGAAGGATAATTATGTCTAATGATCGCGGTGCCATGGACGATCTGCTCGAAGCGTTAAAAAACAAGGATTTCGAGACGCTTTATAAACTGGCCCACAAATATGCCGCCGATATGTCCTGGACTGTAGGTAAATTGGCGGAAGATCTGTACTCGCAGATCACACCGCAGGCAATTATCCGAATGTATGAAATTGTAGGTGAATTCAATCAGTTTCATGGCTATGCAGCAAATCATGAACTGTTCCTGCTGCTTTTGTTTGTTCGGCTTGCACTTGAACTGCAATGGAAAGGTGGGTCCCATCATCACCACCACCACTAATAAGGACAAAGCCACCAGGAGGATCCATAATGTCCAACGACCGTGGCGCGCTGGATGATGCTCTGGAAGCTTTAAAAAATAAAGATGTGGATAGCTTGTATAAGATCGCGCCTCGGTACGCGGCAGATGTCAGTCGTTTTATGAGAGAATTGCTGCATGCCTTACTTTCACAGCTGACGCCACAGGCGCAGATCCGAACCGCAGAGATTATTCTGGAGGTAGCTGCCTATTATAATGTAGTGGCAAATTTAGAAGTACTCGTCCGTGTCCTTTTTAGACGTTTAGCACACCTTACTCAGTGGTCAGGTGGTAGTCACCACCATCATCATCATTAATAAGTCTGAAAGAGAGTTTAAGGGGCCGTATTTATGTCAAACGATCGCGGTGCAATGGATGACGTTCTGGAGGCTCTCAAAAATAAAAACCATCGCGATCTGTGGTATCTGGCATGGAAATACGCGGCCGATACGTCGTGGACGCTGGCGAAACTGTGGGAGCGATTGGAAAAACATCTGACCGACCAAGCGAGTGAAGCTCTCGTTGAAATCATAGGCGAGGCTGCCTTTTGGGATGGCTTTGTCGCGAATAAAGTAATGTTCTTGATTTACGTGTTCTTCGCACTCGCCAATCGTCTCCAGTTCAAAGGCGGATCGCATCACCACCATCACCACTGATAACCCTAGCCCGCCGCAACCGATAAGGAGAGCATATTATGTCGAATGACCGTGGCGCTCTCGATGACTTGCTTGAAGCCTTAAAAAACAAAGATGTGAAGCAATTGCGGGCCTTAGCTCCGAAATTCGCAGCGGATCTTTCATGGACGCTGCACGCGATATTCGAACATCTTATGAGCCAAGTGACTCCTCAGGCTCAGGTAATTGTAGCGGAAATTCTGTTCGAGAACACTATGTACGCGGGTATTGCGGCTAATCCCGAACTGCACGCCGCGTACATGTTAATACAGCTTGCCTGCAACGTTCAATGGAAGGGAGGTTCACACCATCATCACCATCATTGATAACGAGACC,failed
m9,1369,GGTCTCGGTTGATCGTTCACTAAGGAAGGATAATTATGTCTAATGATCGCGGTGCCCTGGATGATTTCTTAGAAGCTCTGAAAAATAAAGACATGAAGACCCTGATTGCCCTCGCGCCAAAATACGCGGCCGATTTTAGCTGGGTTGCCGGAAAGCTTGCAGAGGATATCTATTCTCAGGTGACGCCCCAGACCATTATCATCATCTACGAAATAGTAGGGGAACATAATCAATATCATGGCATTGTTGCGAGCCTGGAGCTCATGTTTCTTGCCCTGCTGGTTCATCTGGCGCTGTATATCCAATGGAAAGGTGGCTCCCATCATCACCACCACCACTAATAAGGACAAAGCCACCAGGAGGATCCATAATGTCCAACGACCGTGGCGCGATGGATGATCTGTTAGAGGCGCTCAAAAACAAAGATCTTGATACCCTTCGCCAGCTTGCGCCGCGTTGGGCAGCGGATGTCAGCTGGTTTGTGAAAAAACTTGTCGAAATGCTTCTGAGTCAGTTTACGCCGCAGGCTCAAATTCAAATCATTCTGATTATAGCATGGGTCCTGCACTTCTATAATATTGTAGCGGTACAAGAATTATTCCTGATTTTAATCTCCCACAGACTCGCGTGGACCTTACAGCCCAAAGGCGGTAGTCACCACCATCATCATCATTAATAAGTCTGAAAGAGAGTTTAAGGGGCCGTATTTATGTCAAACGATCGCGGTGCACTGGATGATGTTATCGAAGCACTCAAAAATCATGATAGAGACACTTTGCATGCACTGGCGCCGAGATATGCGGCTGATACTTCATGGTTTCTGCTTAAAATGCTGGAAGTCCTTACAAACCGCACAACACCACAGAGCCGGATCAATGTCGTAGAAATTATTGCTGAAGCCGCCCTGTATGATGGAGTAATAGCTAATAAAGAACTGTGGTTAGTCTTTACATTCGTGCTCCTGGCAAAGTATGTTCAGTTTAAAGGGGGGTCGCATCACCACCATCACCACTGATAACCCTAGCCCGCCGCAACCGATAAGGAGAGCATATTATGTCGAATGACCGTGGCGCTCTGGACGATGTGTTAGAAGCCCTGAAGAACAAGGACGTTAAGCAGCTGCGTGCACTGGCACCTAAGTATGCGGCGGATCTGTCGTGGTTCATGAAGAAACTTTTCGAAGAAATTGCATCACGTATTGATGATAGAGCTCAGGATCGGCTGGCGGAGATCATGTTTGAAAACTTGGCTTACGCTGGTATAGCCGCGAACCCGGAACTGCATGTGGCGTACTTATTTATCCAATTAATATGCAACCTGCAGTGGAAAGGTGGGTCACACCATCATCACCATCATTGATAACGAGACC,failed
m68,1369,GGTCTCGGTTGATCGTTCACTAAGGAAGGATAATTATGTCTAATGATCGCGGTGCCCTTGATGATGTGTTAGAGGCGTTAAAAAACAAAGATTACGACACACTGATGGCCGCAGCGCCCAAATGGATCGCCGACTTTTCATGGTTCGTGGGGAAATTAGCGGAAGACCTCTATTCGCAGATTACGCCTCAGGCCATAATTATCATGTATGAAATCGTTGGAGAAACTAACCAGTACCATGGCATCGCTGCAGTCGAAGAAATTCTGTTACAGCTGATGCTGAGCTTGCTCGCTTGGCTGTTACAATGGAAAGGGGGCTCCCATCATCACCACCACCACTAATAAGGACAAAGCCACCAGGAGGATCCATAATGTCCAACGACCGTGGCGCGCTGGATGACGTTTTAGAAGCACTGAAAAATAAAGATGTCAAGACCCTTGCGGCACTCGCCCCAAAATATGCCGCAGATTTCTCTTGGTTCGCAAAAAAACTTATCGAAGAATTGTTGTCACAGGTCACTCCGCAAGCCCGCTCCAGACTGATCTGGATTATAGCAACGGTCGTACAATTTTGGAAAATCGCGTCTGTCCCCTGGGTGATGCTGTATGCGCTGTTTCGTTTTCTCGTCCACCATATTCAGTGGGCTGGTGGCAGTCACCACCATCATCATCATTAATAAGTCTGAAAGAGAGTTTAAGGGGCCGTATTTATGTCAAACGATCGCGGTGCATTTGATGATATTTTGGAAACGTTGAAGAATAAGGATTATGACACCCTGCGAGCCATTTCGTCGAAGTATGCAGCGGATACATCCTGGTTTTTCGCTAAATTCTTGGAACATATAGAGTCTCAACTTACAGATCAAGTGTCACACATTGCGGTTAGAATCATATTTGAAGCCGTTCTGTTTGACGGCGTTATTGCCAATAAATCGCTTTTGCTGATCGCAACCTTTGTGTTGCTGGCAAAACTTCTGCAGTTTAAAGGGGGATCGCATCACCACCATCACCACTGATAACCCTAGCCCGCCGCAACCGATAAGGAGAGCATATTATGTCGAATGACCGTGGCGCTGCAGATGATGTGATGGAAACGCTTAAAAACAAAGATGTTAAGCAATTGCGAGCGCTGGCGCCTAAAATGGCTGCGGATATGTCAACCTTTGTTTGGCTGTTATGGGCCATTCTGCTGTCGCGAATTACGCCGCAGGCGCAAGAACGGCTGAATGAGATATTGTTTGAGAACCTTTTATACATGGGTATAGCCGCTAACCCGGAGCTTCATGTTGCTTATATGCTGATTCAACTGGCGTGCAACTTACAGTTCAAAGGCGGCTCACACCATCATCACCATCATTGATAACGAGACC,failed
m39,1369,GGTCTCGGTTGATCGTTCACTAAGGAAGGATAATTATGTCTAATGATCGCGGTGCCTTGGATGACGTCCACGAAGCGTTGAAGAACAAAGATTTCGAAACCCTCCGAAAGCTCTCTGAAAAATATGTGGCCGATTGGTCCTGGTTTGTCGGTAAATTGGCCGAGGAACTTTATTCTCAAGTTACCCCTCAGGCGATCATTCACGTTTATGAAATTGTGGGTGAAGCTAATCAGTGGCATGGTTTAGCTGCCAATGAAAGTCTGTGGCTGTCTTGGTTATTATTTCAACTGGCCCTGAGAATCCAATGGAAAGGTGGCTCCCATCATCACCACCACCACTAATAAGGACAAAGCCACCAGGAGGATCCATAATGTCCAACGACCGTGGCGCGCTGGATGATGTTATTGAGGCCTTGAAAAACAAGGACCGTGATACCCTGGCGGCGTTAGCACCTCGGTATGCAGCCGACTTTTCACGCGCTATTTATGAACTTCTCGAAACCCTGTGGTCACAGCTTACTCCACAGGCACAAGTCCGCTTGGTTGAAATTCTTGCTGAAGTCGCTGCATACTATAAGGTCGCCCAAGACCAGGAACTGCTTCTGCAGTTCATGTTTCATCGGCTGGCTGAACTGTTGCAGTTTAAAGGGGGTAGTCACCACCATCATCATCATTAATAAGTCTGAAAGAGAGTTTAAGGGGCCGTATTTATGTCAAACGATCGCGGTGCAATGGATGATACCATGGAGATGTTGAAAAATAAAGATCACTCAACCGCCCGTCAATTGGCGCCTAAATTGGCTGCAGACATGTCTTGGGCGCTGCGCAAAATTGTGGAACAATTGAGTAATCGCCTTACAGAACAGGTGTACACTGAAATGTTAGAAATCCTTGCCGAAGTTCTGTTTTACGCGGGTGTTATAGCTAACCCCGAAGCCTGGCTGCTGTATTTATTCTATGCTCTGATGCATCGCCTTCAGTTTAAGGGGGGTTCGCATCACCACCATCACCACTGATAACCCTAGCCCGCCGCAACCGATAAGGAGAGCATATTATGTCGAATGACCGTGGCGCTATGGATGACGTTGTAGAGGCGCTGAAAAACAAGGACGTCAAAACACTGAGAGCGCTGGCCCCAAAATACGCGGCGGATCCGTCATGGTTCTTTCTGAAATTGTATCTGGATCTGATGTCAAAGGTTACTCCTCAGGTGCAGGAGATCATATTATGGATCATCGGGGCAAACCTGAAGTATACAGGTATAGCGGCAAACCCAGAACTGCACATTGCATATTTACTGATTCAGCTGGCATGCAATATCCAGTTTAAAGGAGGATCACACCATCATCACCATCATTGATAACGAGACC,failed
41-5083,1369,GGTCTCGGTTGATCGTTCACTAAGGAAGGATAATTATGTCTAATGATCGCGGTGCCTTAGACGAGGTAATAGAAGCTATAAAAAACAAAGACCTGGAAAAACTGTATGAACTTAGTCATAAATACTTGAAAGATCGGGAGAAATTTGTTCGTACTTTAGCGGAAGAATTATACAAAGTGGTCACTCCAGAGTCTATTATTAAACTGTACGAACTGGTGGGCGAGTATAATCAGTATCACGGGATCACGGCTGATGAGGAGATCCTGTTTCTTGGTTTATTAGTTGGTGCCGCCAATAAACTTAAATTCAAAGGGGGGTCCCATCATCACCACCACCACTAATAAGGACAAAGCCACCAGGAGGATCCATAATGTCCAACGACCGTGGCGCGCTGGATGCAGCTGTGGAGGCTATCCGTGCACGGGACGTTGCCCGTTTGCGTGAGCTGGCTCCAGCGTACACGGACGACCCCGGCCGGTTTTTCCGCGAACTTCTGCATCGCCTGTGGGAACTTGTTACCCCAGAAAGTCGGGAAAAACTGGTAGAAATTATCAGCACCTATAATAAGTTTGCCGGAATCACTCCTTCAAAAGAATTGCTGATTGCAGGGCTGTTGCATGATTTAGCGGCGGAGCTTGAATTTAAGGGTGGCAGTCACCACCATCATCATCATTAATAAGTCTGAAAGAGAGTTTAAGGGGCCGTATTTATGTCAAACGATCGCGGTGCAATGGAGGACGTCCTGGAAGCGCTGCGCAGTAAGGATTTAGATAAGTTGCATGAACTGGCCAAAGAGTATAGTAAGGATATAGGTAAAAGCTTATCTGAGTTATATCGCGCCCTTACCGAGGCTGCTAAACCTGAAAGCCTCCCAGCCTTAAGCGAAGTTATTTATACGGCAAATAAGTATGCTGGTATTACGGCTAGTCCATATGTTCACTTTTTGAGTGCCCTTGTTGCCCTGGCGCAGACTCTCGAATTTAAGGGAGGGTCGCATCACCACCATCACCACTGATAACCCTAGCCCGCCGCAACCGATAAGGAGAGCATATTATGTCGAATGACCGTGGCGCTATGGACGAAGTGATCAACGCAATTAAAAACCGGGATGTGAAGACGCTGCGTGCGCTGGCGCCAAAATATGCCGTAGATCTGGCGAAATTTTACGAGGAACTTTGGGAAGAACTCAAAGAGCGTGTCACTCCGGAAACGCATCTCAAGATTCATGAAATTATTAATACAAATAATCTTTATGCGGGCATCGCGGCGAATCCAGAGCTGCATGTAGCTTATACATTAATACAGCTGGCCCAAAACGTGGAATTTAAAGGTGGATCACACCATCATCACCATCATTGATAACGAGACC,delivered
s114-2912,1369,GGTCTCGGTTGATCGTTCACTAAGGAAGGATAATTATGTCTAATGATCGCGGTGCCTTCGACGATGTGTTGGAAGCCATCAAAAATAAGGACCTTAAAAAATTATTGGCGCTGGCTCCAAAATATGCGGCTGATTATAGTTGGTTCGTCGGCAAACTGGCCGAGGCACTGTATAGTGAAGTCACACCACAGAGTATCATATGGCTCTACGAACTGGTAGGTGAGCACAATCAGTATCATGGTATAATGGCTAATGAAGAATTAGCGATGGAATCCTTTCTCAGCCACGTTGCGGATTTCGCGCAGTGGAAAGGAGGCTCCCATCATCACCACCACCACTAATAAGGACAAAGCCACCAGGAGGATCCATAATGTCCAACGACCGTGGCGCGTTTGACGACGTGTTAGAAGCCATTAAAAACAAAGATATTAAAACGCTGAAGGCGCTGGCGCCGAAACTCGCCGCGGATATCAGCTGGAGCTTAAAGAAGCTGAGAGAGGCCTTATTGAGCCATGTCACCCCTCAGTCCCAACATAAAGTGACTTGGTATTTTGGTGAATTCAACCACTATGCGGGTATTCTGGCGAATAAAGAAGCCGCGATGCGCTGGCTCCTGACGCAGATCGCTAGAAGTGCTCAGTTCAAGGGGGGAAGTCACCACCATCATCATCATTAATAAGTCTGAAAGAGAGTTTAAGGGGCCGTATTTATGTCAAACGATCGCGGTGCAATGGATGACGTCATCGAAGCTATCAAAAATAAAGATTCTAAAAAATTATTGGCATTGGCCCCCAAATATGCTGCAGACATTTCGTGGGCAATACAGAAACTGGCGGAGGAGCTGTCATCTGTTATCACACCCCAGAGTGAAATAATTCTGAATGAAATTCTTTACGAATATAACGTATATGCCGGCATTGCAGCCAGCAATGAACTGCTGGTCAAATTTATGCTTTGGGACGTGGCTGAAAAGGTCCAGTTTAAGGGCGGTTCGCATCACCACCATCACCACTGATAACCCTAGCCCGCCGCAACCGATAAGGAGAGCATATTATGTCGAATGACCGTGGCGCTCTGGATGATGTAGTTGAGGCAATTAAGAATAAAGATGTCAAACAGTTACGTGCCTTAGCGCCAAAGTATGCAGCGGACTTAAGCTGGTTTTATCAGAAACTGTATGAAGCCGTTTATTCACAGAGTACCCCTCAGTCTCAAATCAAAGCCCGCGAGATTATCAAAGAGAATGCAGTGTATGCCGGTATTGCCGCAAACCCGGAACTGCATACCGCATACACGCTGATTGAGTTAGCGTGTAATGTTCAATTTAAGGGAGGCTCACACCATCATCACCATCATTGATAACGAGACC,delivered
m74-584,1369,GGTCTCGGTTGATCGTTCACTAAGGAAGGATAATTATGTCTAATGATCGCGGTGCCCTGGACGACGCCATCGAAGCTATTAAAAACAAAGATATAAAAAAGTTGGTGGCACTTGCTCCTAAATATGTGGCCGACTATTCCTGGTTTGTGGGAAAGCTCGCGGAAGAGTTATACTCCCTGGTAACACCGCAATCGATTATAGAAATTTATGAAATCGTTGGTGAACATAACCAAAGCCACGGTATCACGGCAAGTCTTGAACTGAATCTGGCCGACCTTTTGGTGCACTTGGCGGAAAAAACGCAGTTTAAAGGAGGCTCCCATCATCACCACCACCACTAATAAGGACAAAGCCACCAGGAGGATCCATAATGTCCAACGACCGTGGCGCGCTTGATGATGTGTTAGAAGCACTGAAAAATAAGGATCTGAAGACTTTAGTGGCCTTAGCTCCACGCTACACCGCCGATCCTAGTTGGTTCTATAAAAAACTGGTGGAAGCGCTCTTGAGCACTTCTACGCCGCAAAGCCAGATAAAAATTGTTGACATTGTGGGTTGGAATTCACATTCTCATGGCATTACATTAAATTTGGTGGTACATACAACACATATGCTGGCACAGCTCGCAAATACAGTACAGTTTAAAGGTGGCAGTCACCACCATCATCATCATTAATAAGTCTGAAAGAGAGTTTAAGGGGCCGTATTTATGTCAAACGATCGCGGTGCATTAGACGATGTAATTGAGGCGATAAAAAATCACGATAGAGAAAAGCTGATCGCTCTGGCGCCGGTTTATGCGGCTGATATTAGTTGGTTCCTGCAAAAATTTCTCGAGGCGCTCCTGAGCAAATCAACACCGCAGTCGCATTGGACAATAGTAGCCTTAGTGGCCGAAGCCAATCACTATGCTGGAATTACACTGGACAATGAGCTTTTACTGCGTTATCTTTTCAACAAATTAGCCAAAAAAGTGCAATTTAAGGGTGGTTCGCATCACCACCATCACCACTGATAACCCTAGCCCGCCGCAACCGATAAGGAGAGCATATTATGTCGAATGACCGTGGCGCTATGGACGACGTAGTAGAAGCAATTAAGAATAAAGACGTTAAACAATTACGCGCATTGGCTCCGAAATATGCCGCGGATCCGAGTTGGGCGTATAAGAAACTGACCGAAGAACTGCTCAGCCGTGTGGACGATCGAAGCAAAGATCTCGTAATTGAAATCATCGGCGAAAATATTGCCTACGCTGGGATTGCAGCAAACCCGGAACTGCATCTCGCATATACCTTCATACAATTAATTTGCAACTTGCAGTTTAAGGGCGGGTCACACCATCATCACCATCATTGATAACGAGACC,delivered
m54-8718,1369,GGTCTCGGTTGATCGTTCACTAAGGAAGGATAATTATGTCTAATGATCGCGGTGCCCTTGATGATGAGATTGAAGCAATAAAAAACAAAGACTACCAGAAATTAATCGCCCTGGCACCGAAGTATGTCGCAGATTATTCTTGGTTCGTAGGTAAGCTGGCTGAAGCGCTGTATTCTAAAGTAACGCCACAGTCTATCATCGCCATTTATGAAATTGTGGGAGAGTTTAACCAGTATCATGGTCTGGCAGCGGACGAGGAGATCCACCTGGCCGTTTTCCTGTCTAAGCTCGCGGAAAAGTTACAGTGGAAAGGCGGCTCCCATCATCACCACCACCACTAATAAGGACAAAGCCACCAGGAGGATCCATAATGTCCAACGACCGTGGCGCGCTGGACGACGTGATCGAGGCTATTAAGAATAAAGATTACAAAAAATTACATGAACTGGCCCCGAAATATGCGGCTGACGCAAGTTGGTTTCTCCGTAAATTGTTTGAAGAATTACTCAGCCGCGTAACTCCTCAGAGTCAACAAAAGGCTATCTGGATCGTTGGCGAAGCGAATATTTATGCAGGGACCGCTGCTGATAAAGAACTTATGTTACAATATTTGTTTGTGAAACTCGCCACGTATCTGCAGTATAAGGGTGGCAGTCACCACCATCATCATCATTAATAAGTCTGAAAGAGAGTTTAAGGGGCCGTATTTATGTCAAACGATCGCGGTGCAATGGATGACGCCGTAGAAGCATTGAAGAATAAGGATTTAAAGAAGATGACCGCGATCGCACCGAAATACGCGGCTGATGTATCATGGTTCCTGAAAAAACTGGTTGAGGAACTGGCGTCCAAAGTAACCCCTCAGTCCTATGAGAAACTGTGGGACGTTCTGAGCGAAGGGAATCTGTATGCCGGCACCGTCGCTTCAAATTCCGTTTGGATTGCTAACACGCTTCATAAACTGAGTGAAGTCCTGCAATTCAAGGGTGGTTCGCATCACCACCATCACCACTGATAACCCTAGCCCGCCGCAACCGATAAGGAGAGCATATTATGTCGAATGACCGTGGCGCTTTAGATGATGTCCTGGAAGCCTTGAAGAATAAAGACGTTAAAACCCTGCGTGCCCTTGCACCCAAATATGCAGCGGACCTGTCATGGTTTCTGGACAAATTATATAACGAAATCGCCTCCAACGCCACTGAGGAAAGTTGGAAAAAAGCGGCTGAAATTATCGCGGAAAATAGTCTGTACGCCGGAATCGCAGCGAACCCAGAATTGCACCTTGCGTATACACTGATCGTTTTAGCTTGTAATTTGCAGTTTAAGGGCGGGTCACACCATCATCACCATCATTGATAACGAGACC,delivered
90-8906,1369,GGTCTCGGTTGATCGTTCACTAAGGAAGGATAATTATGTCTAATGATCGCGGTGCCATGGAAGAGGTTTTAAACGCTATTAAAAACAAAGATTTGGATACTCTCTACGAACTTGCCCATAAGTATGCGGAAGACTATAAAACGTTTGTGGGTAAGCTGGCCGAAGAATTGTATAAGTTAGTGACCCCAGAAAGTATAATTAAAGTCTACGAGATTGTTGGCGAAGCTAACCAGTACCATGGAATTGCCGCAAATGAAGTTCTGCACACTAAGTATCTGTTAGGTAAATTAGCAGAAAAACTTGAGTTCAAAGGTGGTTCCCATCATCACCACCACCACTAATAAGGACAAAGCCACCAGGAGGATCCATAATGTCCAACGACCGTGGCGCGCTTGAAGAGGTCATTGAGGCTATTAAAAACAAAGACCTTGAGAAACTGAGTAAGTTAGCAGAGAAATATAAGGATGATATTGCCAAGTTCCTGCGTGATCTCCTCGACGAACTGATGAAGTTGTTGAAGCCGGAATCGAAAATCAAAGCAATTCTTATTATAGGTGAACATAATGCCTATGCCAATATTGCGGCGAACAAAGTTCTTCATTTAAGTACATTACTTTACGACTTAGCAGAAAACTTAGAATTCAAGGGAGGAAGTCACCACCATCATCATCATTAATAAGTCTGAAAGAGAGTTTAAGGGGCCGTATTTATGTCAAACGATCGCGGTGCATTAGAGGAAGTCATCAAGGCAATTAAAGAAAAGAATCAAGAGTTGTTGTCGAAGCTGGCTAAGGAATATGCCAAAGATATCGCTAAATTCTTGCAGGAACTTCGGGATTTACTCGAGAAGGCTGTCAAACCTGAATCGCTTAAAAAACTTTATGAAATTCTGGGCGAACATAATGCATACGCGGGGATTGCCGCCAACAACGCACTCCTTTTGCGAGGGGTATTCCATGATTTGACCAAAAACCTCGAATTTAAAGGGGGCTCGCATCACCACCATCACCACTGATAACCCTAGCCCGCCGCAACCGATAAGGAGAGCATATTATGTCGAATGACCGTGGCGCTTTAGATGAGGCTATCGAAGCCATTAAAAATAAAGATGTTAAAACGGCGCGAGCACTTGCTCCCAAATACGCCAAGGATGTTAGTAAATTTCTTGAAGAGTTGTATTACGAAATCTCTAAGCGTAGTACGTGGGAGAGCTGGTCGAAAGCAACAGAGATCATCGATGAAAACAACGCTTACTATGGCATTGCGGCGAATCCGGAATTACACTTAGCTTATTTATTTATTCAACTGATACGAACCATCGAATTTAAAGGGGGCTCACACCATCATCACCATCATTGATAACGAGACC,delivered
m68-2455,1369,GGTCTCGGTTGATCGTTCACTAAGGAAGGATAATTATGTCTAATGATCGCGGTGCCTTAGATGATGTGATAGAAGCAATAAAAAATAAGGATTACGACACCCTGATTGCGCTGGCACCCAAATACGTTGCAGATCGCAGTTGGTTTGTGGGGAAACTGGCAGAAGAATTATATTCGCTGGTTACGCCACAGTCCATTATTATTTTGTACGAAATAGTCGGGGAAGCGAATCAATATCATGGAATCGCAGCGAATGAGGAAATTAACCTGCTGAGAATGCTTAGCGAGCTGGCTGAAAAACTGCAGTGGAAAGGCGGTTCCCATCATCACCACCACCACTAATAAGGACAAAGCCACCAGGAGGATCCATAATGTCCAACGACCGTGGCGCGTTAGATGACGTTATAGAAGCAATCAAAAATAAAGACGTTAAAACTCTGGCCGCCTTAGCGCCTAAATATGCCGCCGATTACAGCTGGTTCAGTAAAAAACTTTTGGAAGAACTGTTCAGTAAAGTGACACCCGAAAGTCGTAGTAAGTTGATCTGGATAATATCCACTCATAATTTATATGCGAAGATCGCTGCTAGCCCTTACGTGAACATGTACAGTATGTTTCGTGATTTGGTGCATGAAATCCAGTGGAAAGGAGGAAGTCACCACCATCATCATCATTAATAAGTCTGAAAGAGAGTTTAAGGGGCCGTATTTATGTCAAACGATCGCGGTGCATTTGATGATGTCATCGAGGCGATTAAAAATAAAGACTATGCAAAACTGCGAGCCTTGTCCAAAAAATATCAGGCCGATATCTCCTGGTTTTTAGCAAAATTTTTGGAGGAAATGCTTTCCTATGTCACTCCGCAATCAAGTCACGAGGTGGTTCGTATCTTTAACGAGGCCAATTTATACGCGGGTATCATTGCCAACCCTTCACTGCTCCTGTATAGCCTGTTTGTTAAACTGGCGGAGAAGGTGCAATATAAGGGTGGTTCGCATCACCACCATCACCACTGATAACCCTAGCCCGCCGCAACCGATAAGGAGAGCATATTATGTCGAATGACCGTGGCGCTTTAGATGATGTCATTGAAACTATCAAAAACAAAGATGTTAAGCAACTGCGTGCCCTGGCGCCTAAAGTAGCCGCAGATCCATCAAAGACGTATTGGGATTTATGGGAAGAACTCCTGTCGCGTGTCACGCCACAATCCCAGCTTAAATTAAATGAGATTATATGGGAGAATAACCTTTATGCAGGCATTGCAGCCAACCCTGAGCTTCATTTTGCATATCTTTTGATACAGCTGGCTTGTAACCTTCAATTTAAAGGTGGTTCACACCATCATCACCATCATTGATAACGAGACC,delivered
s114-5625,1369,GGTCTCGGTTGATCGTTCACTAAGGAAGGATAATTATGTCTAATGATCGCGGTGCCTTTGATGATGTACTGGAAGCAATAAAGAATAAAGACCTGAAGAAACTTTTGGCATTAGCGCCGAAATACGCCGCAGATTACTCGTGGTTCGTTGGTAAACTCGCGGAAGAACTTTATTCAGAAGTAACTCCACAGTCGATAATCTGGTTATATGAGCTCGTCGGTGAACATAATCAGTACCACGGAATAATGGCCAACGAGGAGTTGGCGATGGAGTCATTCTTGAGCCATGTTGCCGATTTTGTGCAATGGAAAGGCGGTTCCCATCATCACCACCACCACTAATAAGGACAAAGCCACCAGGAGGATCCATAATGTCCAACGACCGTGGCGCGTTCGATGATGAACTGGAAGCAATTAAAAATAAAGATACAAAGACCCTGGCCGCCCTGGCACCCAAATTAGCGGCTGATATATCATGGTCATTAAAAAAGCTTCGGGAAGCATTGCTGAGCGTCGTGACCCCTCAGAGCCAGCACAAAGTCACATGGTATTTCGGCGAGTTCAATCATTACGTTGGTATCCTGGCAAATAAAGAAGCAGCCATGCGTTGGCTCTTAACTCAGATCGCGCGGTCCGCACAGTTCAAAGGTGGCAGTCACCACCATCATCATCATTAATAAGTCTGAAAGAGAGTTTAAGGGGCCGTATTTATGTCAAACGATCGCGGTGCAATGGATGACGTTGTTGAAGCGATTAAAAATAAGGATTCAAAAAAATTACTGGCGCTCGCCCCAAAGTATGCGGCGGATCCGAGTTGGGCGATTCAGAAATTGATCGAAGAACTCACGTCAAAGGTAACGCCTCAGTCTGTCATTATACTGAACGAAATCGTTTATGAATATAATGTCTACGTTGGCATTGCAGCGTCTAATGAACTGTTAGTAAAATTCCTTCTCTGGGATATAGCGGAAAAGGTCCAATTTAAAGGCGGGTCGCATCACCACCATCACCACTGATAACCCTAGCCCGCCGCAACCGATAAGGAGAGCATATTATGTCGAATGACCGTGGCGCTATGGACGATGTGGTTGAAGCTATTAAAAATAAAGATGTTAAGCAGTTGCGGGCGTTAGCACCGAAGTATGCCGCCGACTTGTCATGGGCTTACCAGAAGTTATACGAAGAACTGTATAGTATATCGACCCCGCAGTCCCAAATTGCTATTAGAGAGATTATTAAAGAAAACGCCGTGTATGTCGGGATTGCCGCGAACCCGGAACTGCACATGGCATATACCCTTATTGAACTGGCCTGCACTGTTCAGTTTAAAGGAGGGTCACACCATCATCACCATCATTGATAACGAGACC,delivered
m22-2319,1369,GGTCTCGGTTGATCGTTCACTAAGGAAGGATAATTATGTCTAATGATCGCGGTGCCTTAGATGATGCGATAGAAGCAATTAAGAATAAAGACTACGACGCACTTTATGAATTAGCACATAAATACAACGCCGATAAATCCTGGTTCGTGGGCAAGTTAGCCGAGGAGCTGTACTCGTTGGTTACCCCTCAGTCTATCATTGCTATCTATGAGTTAGTTGGCGAATTTAACCAGTTCCACGGCACTTACGCAAACGAGGATCTCGCATTCCGGGCGTTTTTAGCGCGCCTCGCCGAGGTTACCCAGTGGAAAGGAGGGTCCCATCATCACCACCACCACTAATAAGGACAAAGCCACCAGGAGGATCCATAATGTCCAACGACCGTGGCGCGTTGGATGACTACGTCGAAGCCATCAAAAATAAGGATCACGAGAAATTACGTACGCTGTCAGAAAAATACGCTGCGGATGCGTCATGGTTTCTTCGCTCATTAACTGAGGAGCTTGCCTCCCTGGCCACCCCGCAATCGCGGGTCAAACTGTACGAAATTTTCTATGAAGCAAATAAATACTACAACACTACTGCTAATAAGAGCCTCTTGATGGATTATCTCATGCACAAAGTGGCTACAAAAGTGCAATGGAAAGGAGGAAGTCACCACCATCATCATCATTAATAAGTCTGAAAGAGAGTTTAAGGGGCCGTATTTATGTCAAACGATCGCGGTGCACTGGACGACGTCATCGAAGCAATTAAAAATAAGGATACGGAGCTGCTGTCGAAACTGGCCCCGAAGTATGCCGCTGATCCCTCTAAAACCTTATGGGAACTGCTGAAGGCCCTTTCAAAGGAAGTTACGCCCCAAAGCCATGACAAACTGGTGGAAATAATTTACGAAGTCAACAAATATTATGGTACCATCGCTAATAAAGAACTGGCTATGAAACGCTTATTTCATCGTCTGTCTACCGAATTACAGTTTAAAGGCGGATCGCATCACCACCATCACCACTGATAACCCTAGCCCGCCGCAACCGATAAGGAGAGCATATTATGTCGAATGACCGTGGCGCTATGGATGATGTAATTGAGATGGTCAAAAATAAAGATGTTAAACAGCTTCGAGCTCTGGCTCCTAAATACGCAGCTGATCTTAGCTGGTTTCTGGGCAAATTGTATGACGATCTGTCTAGTGTTTCGACTAAAGAAAGTCACCACAAGCTGGCGGAAATTCTGTATGAAAACGACTTGTACTATGGTATTGCCGCCAACAATGAATTGCATTTAGCCTACACCTTCATTCAAATTACGTGCGTTACACAGTTTAAAGGCGGGTCACACCATCATCACCATCATTGATAACGAGACC,delivered
55-5760,1369,GGTCTCGGTTGATCGTTCACTAAGGAAGGATAATTATGTCTAATGATCGCGGTGCCTATGAGGAGGTAATAAATGCCATCAAAAATAAAGACTACGAAGCACTGAGCGAGCTGGCGGACAAATATGTGGAAAATTGGAAAACGTTTGTAGGCGAACTTGCTGAAGAGTTGTATAAAAAGATTACTCCAGAGAGTATTATCAAATTATATGAATTAGTTGGTGAAGCTAACCAGTTTCATGGCATCAGCGCGAACGATACGATACTTTTAAAGGACTTTTTGATCCGGGCAGCCGAAGAACTGGAATTTAAGGGAGGGTCCCATCATCACCACCACCACTAATAAGGACAAAGCCACCAGGAGGATCCATAATGTCCAACGACCGTGGCGCGCTGGAGGAGTGGATCGAAGCGATTAAGAACAAAGATTACGAGAAATCAACGAAGTTAGCCGAAAAGATCAAAGACAATTTCTCCACCGCCCTGCCTGAAATAATTGAGGAAATTAAAAAATACTTGACCCCGGAAAGCTACCCGCTGGCTTATTCTATTGCTGCAGAGGCCTCAAAATACGCGAAAATATCTGCGGATAAGGTTATTACGGCTTCCCATTTTTTCAAAGAACTGATTGATAAGCTCAAATTTATCGGAGGTAGTCACCACCATCATCATCATTAATAAGTCTGAAAGAGAGTTTAAGGGGCCGTATTTATGTCAAACGATCGCGGTGCAATGGAAGAAGTTATTGAAGCTCTTAAAAATAAAGACTATGAAAAATTACATGAGCTTGCCAAAGAGTATGCTAAGGATCCCGCCAAGGCGCTTCGTGATCTGTGGAAGGAAATTCAAAACTATATTCCGGAGAGTTCTAAGTCTAAGGCCCTCCATATTATCGCCGAGGCCAATCATTATGCCGGAATTAGCGCCTCGAAAGAACTGAACATTAAAACGGCTTTTGTAAAACTTGCGGAAAACGTTGAATTCTTAGGCGGGTCGCATCACCACCATCACCACTGATAACCCTAGCCCGCCGCAACCGATAAGGAGAGCATATTATGTCGAATGACCGTGGCGCTATGGAGGAAGTTTTGAATGCAATTAAAAACAAAGACGTAAAAACCTTACGCGCGCTCGCTCCCAAATATGCTAAAGATGTTGCAAAGTTCTACGAAGAACTTTATCACGCACTGTCTGAAAATTCCACCCCGGAATCGAGAGTGAAAGTCAATCTGGTAATCGGGGAGAACAATCATTATGCGGGTATCGCCGCGAACCCTGAACTTCATCTGGCGTATACTCTGATAGAGGTAAGTCGTGTTTACAAACCGAAAGGTGGATCACACCATCATCACCATCATTGATAACGAGACC,delivered
m77-135,1369,GGTCTCGGTTGATCGTTCACTAAGGAAGGATAATTATGTCTAATGATCGCGGTGCCATGGACGACGTATTCGAAGCTATTAAAAATAAGGACCTTGATAAATTATACGCCTTGGCCCATGTATACATTGCCGACTATTCTTGGTTCGTGGGTAAACTGGCAGAAGAGCTGTACTCATATGTGACTCCGCAGTCAATCATCGAGATATATGAGCTCGTTGGTGAGTTCAATCAATACCATGGGCACATGGCAAATCCAGTCGCCGATCTGGCAGCCTTTTTGATGAAACTGGCAGAAAAGGTGCAATTTAAGGGCGGCTCCCATCATCACCACCACCACTAATAAGGACAAAGCCACCAGGAGGATCCATAATGTCCAACGACCGTGGCGCGCTTGACGACGTAATTGAGGCTATTAAGAATAAGGATCACGAAAAACTGCGCGCCCTTGCGCCAAAATATGCGGCCGACCCGTCATGGTTTTTTCGTGCTTTGCTGCATGAACTGTTCTCCCGTCTCACGCCTCAGTCAAGATTGAAAGCCGCTGAACTGATTGCTGAATATAACAAATTTTGGAGCACAGCAGCTAATAAAGAAGCTTTAATGGCCTCGCTGCTCCATCAACTCGCAGAGAAGCTGCAGTTCAAAGGTGGAAGTCACCACCATCATCATCATTAATAAGTCTGAAAGAGAGTTTAAGGGGCCGTATTTATGTCAAACGATCGCGGTGCATTAGACGATTTCATTGAGGCCCTGAAAAATAAAGATTTTGAATTGCTCCATAAACTTGCGTATGAACTGTCTGCGGATCCTAGCTGGTTTCTGCAAAAACTGCTGGATGAGCTTACCACGAAAGTAACCCCGCAATCACATCCAAAACTGGTCGAACTTATTGGTGAATACAATAAATACTGGGGTCATTGGGCGAGCACTACATTTATCATCAGAGTTCTGGGGGTCAAACTTGCTAGCACCGTCCAATTCAAGGGCGGTTCGCATCACCACCATCACCACTGATAACCCTAGCCCGCCGCAACCGATAAGGAGAGCATATTATGTCGAATGACCGTGGCGCTTTGGATGACGTGATTGAAGCCATTAAAAATAAGGACGTAAAAACACTGCGCGCACTGGCTCCTAAACTGGCCGCAGACCTGTCCTGGTTTTACGAAGGACTGTATGAAGAGCTCATTAGCATCGTTACGCCTCAGAGTCAAATTAAATTAACTGAAATTCTGGGAGAGAACGCAAAGTACGGTAAGATTGCGGCAAATCCGGAACTGCATGTAGCATATGCACTGATACAACTGGCTTGTAGCTTGCAGTTTAAAGGCGGATCACACCATCATCACCATCATTGATAACGAGACC,delivered
m39-6021,1369,GGTCTCGGTTGATCGTTCACTAAGGAAGGATAATTATGTCTAATGATCGCGGTGCCCTGGACGATGTCCACGAAGCAATTAAAAATAAAGACTACGATAAACTCCGTGAGCTTTCGAAGAAGTACGTCGCCGATTGGTCATGGTACGTTGGTAAGTTGGCAGAAGAATTATACAGCCTCGTGACACCACAATCTATTATCAAGGTATATGAGATTGTGGGTGAGGCTAATCAATACCACGGTATTGCAGCCAACGAAAGTGTGCATTTTTCATTATTGTTAGTCAAATTAGCTGAAAAATTACAATGGAAGGGCGGCTCCCATCATCACCACCACCACTAATAAGGACAAAGCCACCAGGAGGATCCATAATGTCCAACGACCGTGGCGCGTTGGATGATGTGGTTGAAGCCATCAAAAATAAAGATCGTGAAAAACTTGCAGCCCTGGCACCCAAATATGCGGCGGATATTTCTCGGGCCCTGTATGAGTTGGTGGAGCGCTTGTACTCTCTTCTGACTCCGCAGAGTAAAGTTAAACTGGTAGAAATTGTAGGCGAAGCCGGAAAATATCATAAGATTGCGCCCGATAAGGAGCTTCTCCTGGAGATCATGTTTGATAAGCTCGCTAACAAACTGCAGTTCAAAGGGGGGAGTCACCACCATCATCATCATTAATAAGTCTGAAAGAGAGTTTAAGGGGCCGTATTTATGTCAAACGATCGCGGTGCAATGGATGATGTGATAGAGGCAATAAAAAATAAAGACCATGCCCTGGCCCGCAAGCTGGCCCCTAAGTACGCGGCTGACATGTCATGGTCCTTAAGAAAAATTCGAGAAGAATTGTCAAAAAAAGCAACAGAGCAAACATATGATAAAATTATGGAAATAATCGGCGAAGCAGTCAAATACAGTGGAATAGTTGCTAATCCAGAAATGGCGCTGTTATGGCTTTTCTACAAGCTGATTCATACTGCGCAATTTAAAGGCGGTTCGCATCACCACCATCACCACTGATAACCCTAGCCCGCCGCAACCGATAAGGAGAGCATATTATGTCGAATGACCGTGGCGCTATGGACGACGTCTTCGAGGCCATTAAAAACAAGGATGTCAAAACGCTGCGTGCACTGGCGCCTAAGTATGCAGCGGATCTGTCTTGGTTTTACCTGAAACTGTATGAGTATCTTCTGAGTAAAGTAACGCCACAAAGTCAAGAAAAAGTTGTTTGGATAATTGGTGAGAACAACAAGTATTCCGGGATAGCCGCAAATCCTGAACTTCACATAGCATATACGTTGATTCAGATCGCATGCGTAGCGCAATTTAAAGGTGGTTCACACCATCATCACCATCATTGATAACGAGACC,delivered
m67-2319,1369,GGTCTCGGTTGATCGTTCACTAAGGAAGGATAATTATGTCTAATGATCGCGGTGCCTTTGATGATGTTATCGAAGCTATTAAAAACAAAGATTATAAAAAGTTGACCGCCTTGACCCCTAAGTACGCGGCCGATTATAGTTGGAGCGTAGGGAAACTGGCCGAAGAGCTTTATTCTGAGGTGACCCCACAATCTATCATCGCAATTTACGAGATAGTAGGAGAAGCTAATCAGTATCACGGCACCACCGCAGACCTGGAAGTTCATTTTACTAACATGCTGATTAAGCTTGCAGATAATGTACAGTTTAAAGGTGGCTCCCATCATCACCACCACCACTAATAAGGACAAAGCCACCAGGAGGATCCATAATGTCCAACGACCGTGGCGCGCTGGATGAGGTTTTAGAAGCGATTAAAAATAAAGATAGCAAAAAACTTCGCGCCTTGGCACCGAAGTATGCAGCCGATATAAGCTGGTTCATTAAAAAACTGCTTGAAGAACTTAAAAGTAAAGTAACCGAACAGTCGTATAAAAAGCTTTACGAGATTTTCGCCGAACATAATAAATTTGCTAACACAACTGCGAATCCAGAACTCCTGGTTTATACCCTCCTGCGTGATGTGGCCCATAATACTCAGTGGAAAGGTGGTAGTCACCACCATCATCATCATTAATAAGTCTGAAAGAGAGTTTAAGGGGCCGTATTTATGTCAAACGATCGCGGTGCACTGGATGATGTATTCGAGGCAATTAAAAATAAAGATTACGATAAGCTTTACAAACTCTCTCACGAGCTGGCGGCCGATGTAAGCTGGTTCTTTGGCAAATTGTATGAGGAACTGGAATCAAAGCACACTCCACAAAGCTCTAAAGCCATCACTGAAATTATAGGTGAAGCTAACAAATACGCAGGAACTACGAAAGAACCGGCTTTACTGATCTACGAGGCACTTGTAAAACTTGCAAATTCTGTGCAATTTAAGGGCGGGTCGCATCACCACCATCACCACTGATAACCCTAGCCCGCCGCAACCGATAAGGAGAGCATATTATGTCGAATGACCGTGGCGCTATGGATGATGTGATAGAGGCTATAAAAAATAAAGACGTTAAAACGCTGCGTGCGCTGGCACCAAAATACGCGGCGGATGTTAGTAAGACTTACCGCGATCTGCTTGAAGAGATTAGATGGCGGAGCACACCTCAGTCACGTATCAAAGCTATTGAGATTTTAGCAGAAAATGAGAAATATGCGGGCATAGCTGCCAATCCTGAACTCCATTTAGCCTATACACTCATTCAACTCAGCTGTAATGTTCAATTCAAAGGCGGGTCACACCATCATCACCATCATTGATAACGAGACC,delivered
55-1960,1369,GGTCTCGGTTGATCGTTCACTAAGGAAGGATAATTATGTCTAATGATCGCGGTGCCTATGAGGAAGCTATTGAAGCAATCAAAAACAAGGACTATGAAAAATTGAGCAAACTGGCCGAAAAATACGTAAAAGACTGGAAAACCTTTGTAGGTGAATTGGCCGAAGAACTGTACAAATACATCACGCCTGAGTCTATTATCAAATTGTATGAACTGGTTGGGGAAGCTAATCAGTTTCATGGCATCTCGGCGAATGACACCATACTGCTCAAGGAATTTCTGTTGACAACTGCGGAGAAAGCTAAGTTTTTAGGAGGCTCCCATCATCACCACCACCACTAATAAGGACAAAGCCACCAGGAGGATCCATAATGTCCAACGACCGTGGCGCGTTAGATGAATGGGTAGAAGCGATTAAAAATAAAGATTTTGAAAAATCAACTGAGCTGGCAGAGAAAGCCAAAGACGATTTCTCAACTTTTCTGCCTAAACTTATCGAAAAAATTTCAAAATACCTGAAGAAAGAGTCCTACCCTAAGGCATATGAGATTGCTGCTTATGCATCTCACTACGCTAAAATAAGTGCTTCAAAGACTATAACCGCGAGTCATCTCTTCAAAGAGCTGATTGAGAAACTGGAATTTGAGGGCGGAAGTCACCACCATCATCATCATTAATAAGTCTGAAAGAGAGTTTAAGGGGCCGTATTTATGTCAAACGATCGCGGTGCAATGGAAGAGGTCATTGAAGCACTGAAAAATAAGGATTATGAAAAACTGCATGAACTGGCTAAGGAGTACGCGAAAGATCCGGCGGCATTTTTTGATAAACTCTGGAAAGAAGCCCAAAATTACATACCCGAATCTAGTAAGTATACGCTCCTTCACATTATTAGTTATCACAATCATTATGCGGGGATCAGCGCCTCCAAAGAACTGAATGTAAAAACTCTGTTCGTTGAGCTGGCAGAAAATGTTAAATTCTTAGGGGGTTCGCATCACCACCATCACCACTGATAACCCTAGCCCGCCGCAACCGATAAGGAGAGCATATTATGTCGAATGACCGTGGCGCTATGGAGGAAGTGCTGAATGCCATTAAAAATAAAGATGTGAAAACACTCCGGGCTCTTGCACCCAAATACGCTAAAGATGTTGCAGCGTTTTATGAAAAACTGACTCACGCTCTCTCCGAGAACTCAACGCCAGAGAGTCGTGTAAAGATCAATCGTATTATTGGTTATAATAATCACTATGCGGGCATTGCTGCCAATCCTGAACTGCATTTAGCATACACTTTAATCGAAGTTTCTCGCAACTTTGTCCCGAAAGGAGGTTCACACCATCATCACCATCATTGATAACGAGACC,delivered
m22,1369,GGTCTCGGTTGATCGTTCACTAAGGAAGGATAATTATGTCTAATGATCGCGGTGCCCTGGACGATCTGCTGGAAGCCTTGAAAAACAAAGATTATGATACATTGTATAAATTAGCGCATAAGTTCGCGGCTGATATGAGTTGGGTGGTTGGTAAGCTTGCGGAGGATTTGTACTCTCAGGTAACACCGCAAGCCATTATTCGAATTTATGAACTGGTTGGTGAATTTAACCAGTTTCATGGTCTTTATGCCAATGAAGACCTCGCTTTTATTGCGTTCCTTTTCTTACTCGCTAAACTGATTCAGTGGAAAGGTGGATCCCATCATCACCACCACCACTAATAAGGACAAAGCCACCAGGAGGATCCATAATGTCCAACGACCGTGGCGCGTTAGATGATGTCCTTGAAGCCCTCAAAAATAAAGACCATAAAAAGTTAAGACAGTTAAGCGATAAATACGCTGCTGACGCGTCATGGTTTCTTAGAGTACTGTTTGAGCAAATCGCATCGCGCCTGACCCCTCAGGCCAAAGTCCGGGCCGCCGAGATCTTTTATGAGATAACGCAATACTTTAATGTAGTGAAAAACCTGTCACTTCTTTTAATAGTTCTTTTTCACCGGCTTGCTCGCGACCTTCAATGGAAAGGTGGTAGTCACCACCATCATCATCATTAATAAGTCTGAAAGAGAGTTTAAGGGGCCGTATTTATGTCAAACGATCGCGGTGCACTCGATGATGTTCTGGAAGCACTGAAAAATAAAGATACTGATACGCTCAGCGCTCTGGCCCCGAAATACGCGGCGGACGCTTCTACATTTATGTGGCTGTTGCTTGAGGCACTGAGTTCACAGATAACGGATCAAGCGCACGATAGACTCGTCGAGATAATTGGAGAGATAATGTTCTACTTAGGACTGGTGGAAATTGACGAGCTTGCCATTATGGCCTTATTTCATCTGTTAGCCCGGGATCTGCAGTTTAAAGGTGGTTCGCATCACCACCATCACCACTGATAACCCTAGCCCGCCGCAACCGATAAGGAGAGCATATTATGTCGAATGACCGTGGCGCTATGGACGATGTATTAGAAATGTTAAAAAACAAAGATGTCAAACAGTTACGCGCTTTAGCACCGAAGTATGCCGCTGACCTTAGCTGGTTTCTGCTTAAACTCTATTATGAAATTGCATCTCGTGTTGATAAAGAGACTCATCATCGTATCGCAGAAATCCTGTTTGAGAACAACCTCTACTTGGGCATTGCAGCTAATTATGAGTTGCACCTGGCCTACTTGTTCATCCAGCTTGCATGCAATATTCAGTTCAAGGGCGGCTCACACCATCATCACCATCATTGATAACGAGACC,delivered
m127,1369,GGTCTCGGTTGATCGTTCACTAAGGAAGGATAATTATGTCTAATGATCGCGGTGCCCTGGACGATGCTTTAGAGGCGATTAAAAATAAAGACCTGAAAACCCTTCTTGCACTGGCACCTAAGTACGCTGCGGATTTTTCATGGTTCGTTGGGAAGTTTGCGGAGGATCTGTACTCGCAAGTTACCCCACAAGCAATTATCCTTATATATGAAATCGTGGGCGAACATAATCAGTTTCACGGTTTGATAGCCGTTCACGAATTAGCACTGGCTGCGTTATTTGTTCACCTGATGTTGAAAGTTCAGTTTAAAGGCGGGTCCCATCATCACCACCACCACTAATAAGGACAAAGCCACCAGGAGGATCCATAATGTCCAACGACCGTGGCGCGTTAGACGATGTGCTGGAGGCGTTGAAGAATCAAGACTACGACACCCTCCGTAATCTGGCACCAAAGTATGCCGCTGACGCATCTTGGTTTATGAAGAAATTGGTCGAAGATCTTTTGAGCCAGATCACGCCGCAGGCCCAGATCCGATTGGTTGTTATTGTAGCCTGGGTCGCTCATTTCATGTCCATCGCGCTTGATCCGGAAGCAGCTATCATGTTCCTTTTGTTTATGCTGGCGTGGGAGTTACAGTTTAAGGGAGGTAGTCACCACCATCATCATCATTAATAAGTCTGAAAGAGAGTTTAAGGGGCCGTATTTATGTCAAACGATCGCGGTGCATTTGATGATGTCCTTGAGGCCCTTAAGAATAAAGATTACGATACCCTTCTGGCATTGGCACCGAAATATGCTGCGGATCCGTCATGGACTCTTTCTAAACTTAATGAGCATTTATCTAAAAATATCACCCCTCAAGCACTCGAAGAAATGCACCGTATTTCATTTGAGGCACTGATGTATGCGGGAGTTGTTGCTGTGTACGAAGTGTGGCTCATATACCTGTTCATTCTCCTTATGCTGCATCTGCAGTTTAAAGGTGGTTCGCATCACCACCATCACCACTGATAACCCTAGCCCGCCGCAACCGATAAGGAGAGCATATTATGTCGAATGACCGTGGCGCTGGGGATGATATCGTTGAACTGCTGAAAAACAAAGATGTAAAGCAACTGCGGGCCTTAGCACCGAAATTTGCAGCTGATATCTCATGGTTTTTACGTAAATTATTCCGGGATCTGAGTCGCAATTTTACACCGCAGGCACAGAATAGAATCTGGCTGATTATGGCAGAAAACATGGCATATGATGGAATTGCGGCGAATAAAGAACTGCATCTGGCTTATATTTTCATTGTGCTTATATGCTATGCGCAGCCCAAAGGTGGATCACACCATCATCACCATCATTGATAACGAGACC,delivered
m67,1369,GGTCTCGGTTGATCGTTCACTAAGGAAGGATAATTATGTCTAATGATCGCGGTGCCATGGACGATGTCTTAGAGGCCCTGAAGAACAAGGACTTTGATACACTCACAAAATTAGCGCCAAAATATGCTGCGGACTTCTCCTGGTTTGTTGGGAAACTTGCCGAAGATATGTACTCCGAAATCACGCCTCAAGCAATCATACATGTATATGAGATAGTGGGTGAAGCAAACCAGTGGCATGGGTTAGCTGCCGTCGAAGAGGTTTGGTTCGCAGCTATGCTGTTTAAACTTGCCATCTATACGCAGTGGAAAGGCGGCTCCCATCATCACCACCACCACTAATAAGGACAAAGCCACCAGGAGGATCCATAATGTCCAACGACCGTGGCGCGTTGGATGAAGTTCTGGAGGCACTGAAAAACAAAGATGCTAAGACACTGTTTGCTTTAGCTCCGAAATATGCTGCCGATCGCAGTTGGTTCCTGAAAAAATTATTGGAGGCTCTGCTTTCTCAGGTGACAAAACAGACCTATGTTCGTCTGTATATGATTTTTGCCGAAGTGACGCAATTCTACAACGTTGTGGCTGATCCGGTTGTTTTTTTGTACGTTCTGTTGCGTCGTCTGGCCCATCATATCCAGTGGAAAGGGGGTAGTCACCACCATCATCATCATTAATAAGTCTGAAAGAGAGTTTAAGGGGCCGTATTTATGTCAAACGATCGCGGTGCATTCGATGACATCTTTGAAGCATTAAAAAATAAGGATATGGATACTTTATATGCTTTAGCGCATAAATACGCCGCTGATCCGTCATGGTTTTTTGGCAAGTTTTTGGAACTGCTGCTCAGTGTCGTAACTGAGCAGGCTAGTCGTGATATAATAGAGATTGTAGGGGAAGCCACGTTTTGGGATGGGTTTGTTAAAATCAAAGCGATCTTAATCCTGTACATGGCAGTACTGATTGCATTAACCGTACAGTTTAAAGGAGGATCGCATCACCACCATCACCACTGATAACCCTAGCCCGCCGCAACCGATAAGGAGAGCATATTATGTCGAATGACCGTGGCGCTATGGATGACATGCTGGAAGCGTTAAAGAACAAAGACGTGAAAACACTCCGAGCACTGGCACCAAAATATGCGGCAGATGTGGCTACATTAATACGGCTTCTGATGGAACACATTAAATGGCGTGTCACCCCTCAGGCGGAGATTCGGACAATTGAAATACTCGCTGAAAACTTATTCTATGATGGAATTGCAGCCAATCGCGAACTGCACCTGGCATATATGCTGATAGAACTTGCTTGCAATATTCAATGGAAGGGTGGATCACACCATCATCACCATCATTGATAACGAGACC,delivered
m130,1369,GGTCTCGGTTGATCGTTCACTAAGGAAGGATAATTATGTCTAATGATCGCGGTGCCCTGGATGACGCGCTGGAGGCTCTGAAAAATAAGGACATGGATACACTGTATGCTATAGTGCACAAGTATGCAGCCGATATGTCGTGGTTCGTTGGGAAGCTGGCGGAAGATCTGTATAGCCAGATTACCCCTCAAGCCATTATCATTGTTTATGAAATAGTGGGGGAATTTAATCAGTATCATGGGCAGGCTGCGGATGAGGCCCTGTGGTTGTACGGTCTGTTTATTGAGTTGGCTCAGAAAATCCAGTGGAAAGGAGGCTCCCATCATCACCACCACCACTAATAAGGACAAAGCCACCAGGAGGATCCATAATGTCCAACGACCGTGGCGCGATCGACGACGTGCATGAGGCTCTCAAAAATAAGGATCTTAAGACACTCCGGCATCTCGCCCCACGCTATGCTGCCGACTTTTCAACTTTTATTCGACAATTACTCGAAGAGCTGTTATCCCAAATCACACCACAGGCTCAGATTCGTCTCGTGGAGATAATTGCTGAAATTGCACAGTATTACGCAGTTGCGCAGAACCTCGAACTTCTCCTGCTTCTTTTGTTCGCGCGCCTGGCCTACTATTTACAGTTTAAAGGAGGAAGTCACCACCATCATCATCATTAATAAGTCTGAAAGAGAGTTTAAGGGGCCGTATTTATGTCAAACGATCGCGGTGCATTTGACGATCTGATCGAAGCTCTGAAAAACAAAGATTATGACACTCTGAGACAGCTGGCCCCCAAGTACGCGGCTGACGTCTCATGGACATTTGCGAAATTACTGGAGTTGTTACAGCATTACGTGACTCCACAGGTTGTCATCGTTATTATCGAAATTATTGGCGAAGTTCTGCTGCTGACCGGGCATGTGTCTAATCTGGAAGTCATGCTGCTTTTTCTGTTTTACCGTCTTGCTACCCACGTGCAGTTTAAAGGTGGCTCGCATCACCACCATCACCACTGATAACCCTAGCCCGCCGCAACCGATAAGGAGAGCATATTATGTCGAATGACCGTGGCGCTATGGATGATCTGCTCGAAGCCCTTAAGAATAAAGACGTTAAAACATTGCGAGCGTTAGCGCCGAAATTCGCAGCGGATATGTCTTGGACACTGAAAAAATTACTTGACGCTCTGACTAAGCAATTAACGGATCAGGCACATGTTACCGTAACGTTAATTATCGGAGAGAATGCTTTATACGACGGAATTGCGGCGAACCCAGAGCTCCATCTGGCATACCTGTTCATTCGTTTGGCTTGCACGTTACAGTGGAAGGGCGGGTCACACCATCATCACCATCATTGATAACGAGACC,delivered
m74,1369,GGTCTCGGTTGATCGTTCACTAAGGAAGGATAATTATGTCTAATGATCGCGGTGCCCTTGATGATACGAAAGAGGCATTAAAAAATAAGGATCTGAAAACCTTATTCGCCTTAGCCCCCAAATGGATTGCGGATTACAGCTGGTATGTGGGAAAACTTGCAGAGGAATTGTACAGCGAAGTAACTCCTCAGGCAATTATCCATATTTATGAAATCGTTGGCGAACATAATCAATATCATGGTGTTGCGGCGGTGCTCGAAATGATGTTAGCCGCTTTATTGACACACCTTGCAATCTACATCCAATGGAAAGGCGGATCCCATCATCACCACCACCACTAATAAGGACAAAGCCACCAGGAGGATCCATAATGTCCAACGACCGTGGCGCGCTCGATGATGTGCTCGAAGCGTTAAAAAATAAAGATTTAAAAACGCTGCTCGCTCTCGCCCCTCGTTATGTTGCTGACGCTTCCTGGTTTTACAAAAAGTTGGCGGAAATGCTGCTCTCGACCACTACGCCCCAGGCGCAAATTCAAATCGTCTTGATCATTGCCTGGGTGACCCATAGTTACGGGATAGCGTTAGTGCAAATTCTGCACACTCAACATATGCTTGCACAGCTTGCATTCACTTTACAATTCAAAGGCGGCAGTCACCACCATCATCATCATTAATAAGTCTGAAAGAGAGTTTAAGGGGCCGTATTTATGTCAAACGATCGCGGTGCATTAGATGATGTGCTGGAGGCCCTTAAACGGCATGATCGTGATACTTTGCTGGCCCTGGCACCGAAGTATGCAGCCGATGCTAGTTGGTTTCTGCAGAAATTTCTGGAACGTATTCTGAGTCACACCACCCCTCAGTCCCAGTGGCGAATTATCGCCATTATAGCGTGGGCTGTGCATTACGCCGGGGTGGTGCAAGACATGGAAATGTGGCTGCAGGCCTTGTTCATGCTCTTGGCGCGTGATGTACAGTGGAAAGGCGGGTCGCATCACCACCATCACCACTGATAACCCTAGCCCGCCGCAACCGATAAGGAGAGCATATTATGTCGAATGACCGTGGCGCTATGGACGATGTCCTGGAGGCGCTGAAGAATAAGGATGTGAAGCAGCTGCGGGCTCTGGCACCGAAAATGGCAGCCGATCCGTCGTGGTTTTTTAAGAAATTATTAGAAGACCTGCTGAGTAGAGTGGATGACCGGGCGCAGGATACTGTGATTGAGATTTTAGGCGAGAATATTGCTTATCTGGGAATTGCTGCGAATCCTGAGTTACATATTGCTTACGCATTTATCCAGCTGATTTGCAACTTGCAATTTAAAGGAGGATCACACCATCATCACCATCATTGATAACGAGACC,delivered
m137,1369,GGTCTCGGTTGATCGTTCACTAAGGAAGGATAATTATGTCTAATGATCGCGGTGCCATGGATGACCTGTTAGAGGCTCTGAAAAATAAGGATAGAGATACGCTCAAGGCTATCGCTCCTAAAATGGCCGCCGACTGGAGCTGGGCTGTCGGAAAAATTGCAGAAGACCTCTATTCACAGGTGACGCCACAGGCAATTATTCGGATCTATGAGCTGGTTGGTGAAACTAATCAATTCCATGGAGTATGGGCGGTTCTGGAGCTGGCGGCCCAGTGGTTTTTAGCCTACTTGGCCCACTACGTACAGTTCAAGGGCGGTTCCCATCATCACCACCACCACTAATAAGGACAAAGCCACCAGGAGGATCCATAATGTCCAACGACCGTGGCGCGTTAGACGACGTTCTTGAGGCATTGAAAAACAAAGATAAAGATCGACTGTATCAATTAGCCTGGAAATATGTTGCAGATGCATCGTGGTTTCTGAAAAAACTGTTTGAAGATTTGGACTCTAATGTGACTCGCCAAGTGTCCTTTAGACTTAGCATGATTATTGGAGAAACGACCCAATATTATGGTATCGCGGCAGTTCAGTCCATTTTGCTTCAGGCTATGTTAACCCGCTTGGCAGATTATATCCAGTTCAAGGGAGGTAGTCACCACCATCATCATCATTAATAAGTCTGAAAGAGAGTTTAAGGGGCCGTATTTATGTCAAACGATCGCGGTGCACTGGATGATGTGATTGAAGCACTGAAAAATAAAGATCAGAAAACTCTTCATCGCTTGGCCCCAAAATATGCGGCGGATCCTTCATGGTTTTATGAACAATTGTTTTATTTTATGAAAAGCCAGGTCACCCCGCAGGTTTGGTATCTGGCCGTGGAAATATTTTTTGAGGCGGCCGCTTGGCAGGGTTTCATCGCAAACACGGAGATGTGGATAATTGGCATGTTGCATCTCTTTGCATTGCTGCTTCAGTTCAAAGGAGGCTCGCATCACCACCATCACCACTGATAACCCTAGCCCGCCGCAACCGATAAGGAGAGCATATTATGTCGAATGACCGTGGCGCTCTGGATGATCTGAAAGAAGCGTTTAAAAACAAAGACGTCAAAACCTTGCGTGCCTTAGCCCCGAAATTTGCAGCAGATACCAGCTGGCTCATTAAAAAACTGTGGGAGGAACTGGCGAGTGAAGTTGACTGGGAAGCTCAACACATTCTTATTGAAATACTTTACGAGGTAGTTAAATATGCGGGAATTGCCGCCAATCCTGAATTGCATTGGGCGTATGTTTTCATCGAAATTGCATGCACAGCACAGTGGAAGGGAGGTTCACACCATCATCACCATCATTGATAACGAGACC,delivered
m103,1369,GGTCTCGGTTGATCGTTCACTAAGGAAGGATAATTATGTCTAATGATCGCGGTGCCATGGATGATGCACTCGAAGCCTTAAAAAACAAAGACCTGGATACTTTATATAAATTAGTGCACAAGTACGCGGCTGATTTTTCTTGGTTTGTTGGGAAGCTTGCAGAACTCATATATTCCCAGGTGACTCCACAAGCCATCATTCATATATATGAAATCGTGGGGGAAGCTAATCAGTGGCATGGACTCGTCGCTAATGAGGCAGTTTTACTGCTGTGGTTATTTTTACAGCTGGCCCTGCACATTCAGTGGAAAGGAGGGTCCCATCATCACCACCACCACTAATAAGGACAAAGCCACCAGGAGGATCCATAATGTCCAACGACCGTGGCGCGATGGATGACGTCTTAGAGGCGCTCAAGAATAAAGACGATGATAGTCTGCGTAATATTGCGCCTAAATACGCCGCAGACGTCTCCTGGTTTTTTCGCGCGTTGATCGAAATGCTCTTTAGCCGTATTACACCTCAGGCCCAGATCCGCATGATCGAAATTATTGCAGAGGCTGCTATGTTTTATAAAGTGGCCCAGGTACCAGAGATGTTAATCGCTGGTACCTTGCACATGTTAGCCTGGTACTTACAGTGGGCCGGCGGAAGTCACCACCATCATCATCATTAATAAGTCTGAAAGAGAGTTTAAGGGGCCGTATTTATGTCAAACGATCGCGGTGCACTGGACGACATATTTGAAGCCCTGAAAAACAAAGATCGGGATAAACTGCATAAAATCGCCCCGAAATACCTCGCGGACCTGTCTTGGTTTTTTAAAAAATTTATGGAAGAGATTACCAAGCGTGTGACCCCTCAAGCTCACCGAGATATTGTTGAAATCCTGTTCGAAGCAATTGCCTGGCTGGGGGTTGTTGCCAGCCTGGAAGCTTGGCTGATTGCTACCTTTATTTGGTTAGCAAACACAGTGCAGTGGAAAGGCGGTTCGCATCACCACCATCACCACTGATAACCCTAGCCCGCCGCAACCGATAAGGAGAGCATATTATGTCGAATGACCGTGGCGCTTTAGATGATGTGCTGGAAGCACTGAAAAATAAAGATGTTAAAACTTTGCGTGCTCTGGCACCTAAATATGCTGCTGATGCCAGCTGGTTCCTTTCGAAGTTAGCCGAGGCATTAAAATCCCAGGTGACCCCGCAGACCCACGACGCACTCTGGACGATCATCGCGGAGAACGCTGCATATGACGGTATAGCGGCCAATCGAGAGCTTCATATAGCGTATATGCTCATACGGCTTGCGTGTACGGTTCAATTTAAGGGTGGTTCACACCATCATCACCATCATTGATAACGAGACC,delivered
s8,1369,GGTCTCGGTTGATCGTTCACTAAGGAAGGATAATTATGTCTAATGATCGCGGTGCCATGGATGATGTCTTCGAAGCACTTAAGAATAAAGACTTCAAGACACTGACAGCCTTGGCACCTAAATACGCCGCCGATCCTTCGTGGTTCGTGGGCAAACTGGCTGAAGACCTGTACTCGGAGATTACCCCGCAGGCTATCATCCATATGTATGAAATTGTGGGGGAGTTTAATCAATGGCACGGTTTATTTGCGGTTACAGAGCTGATGATGATCCTTTTCCTGTCACTGTTAGCGTGGTACCTGCAGTGGAAAGGAGGTTCCCATCATCACCACCACCACTAATAAGGACAAAGCCACCAGGAGGATCCATAATGTCCAACGACCGTGGCGCGCTCGATGATGTGGTGGAAGCCCTGAAAAACAAGGATACAAAAACCCTGCAGGCGTTAGCACCGAAATATGCGGCTGATGCCAGCTGGTTTTTTAAAAAATTATTCGAACGTTTGGCGAGTGAACTGACCCCGCAAGTACAGGTACGACTGTCCTGGATCATTGGCGAGGTAACGAAATATTATAATGTTGTTGCTAACCAAGAATTGTTATTATGGTACCTTTTGCTGCAATTAGCACTGCATCTGCAATTCAAAGGGGGCAGTCACCACCATCATCATCATTAATAAGTCTGAAAGAGAGTTTAAGGGGCCGTATTTATGTCAAACGATCGCGGTGCATTCGACGAGGTTTTTGAAGCCTTGAAGAATAAAGACTGGAAAACGTTACTTGCCTTGGCACCAAAATATGCGGCAGATATTTCCTGGTTCTTTACAAAATTTCTGGAAGAACTGCAATCTTATTTGACGCCGCAGAGTTACATTAGAGCTGTTGAAATAATCGCCGAAGCGGCACTCTGGGCCGGATTTTTCGCGGTGAAGGAGATCTTAGTGTGGTGGACGCTGGTCCAGCTGGCGCTGAACCTGCAATGGAAAGGCGGGTCGCATCACCACCATCACCACTGATAACCCTAGCCCGCCGCAACCGATAAGGAGAGCATATTATGTCGAATGACCGTGGCGCTATGGATGACCTGATTGAGGCCTTCAAGAATAAAGATGTGAAGCAACTGAGAGCCTTAGCACCTAAGTTTGCCGCGGACTTAAGCTGGACGTTACTTAAGATTTTGGAAGTGCTTTACAGTCTCCTTACTCCCCAGTCCTTCATTACAATTACGGAGATAGTCTTTGAGAATACTCGATATGCTGGAATAGCGGCGAATCCTGAGCTGCATCTCGCTTATCTGTTTATACAGCTTGCCTGCAACATTCAATTTAAAGGCGGCTCACACCATCATCACCATCATTGATAACGAGACC,delivered
s115,1369,GGTCTCGGTTGATCGTTCACTAAGGAAGGATAATTATGTCTAATGATCGCGGTGCCATGGATGATCTGCTCGAAGCGTTAAAGAATAAAGACGACAAAACCTTAAGAGCTCTCGCGCCCAAATACGCGGCAGACTGGTCATGGGCGGTAGGTAAATTAGCTGAGTTATTATATTCTCAAGTAACGCCGCAGGCTATTATACATATCTATGAAATCGTCGGCGAAATGAATCAGTTTCACGGTATATTTGCCAATCATGAAATGGCCTTTATGCTGTTGATGCTGCTTCTTGCGAAACATATTCAGTGGAAGGGCGGTTCCCATCATCACCACCACCACTAATAAGGACAAAGCCACCAGGAGGATCCATAATGTCCAACGACCGTGGCGCGCTGGATGACGTGCTGGAAGCATTGAAGAACAAGGATGAAAAGACGTTACTCGCATTAGCGCCGAAATATACAGCAGATGCTAGTTGGTTTCTGGCTAAACTTGTTGAATACCTGTATAGTCAGTTGACACCGCAATCGCAGGTAGTTATGCATGAAATTATGGGGGAGATGACTAAATTTTATAATATTGCACGCGATCTGGAAACCTTTATGCGTGCAATCCTGCTGTATCTGGCCTGGCATCTGCAGTTTAAGGGCGGTAGTCACCACCATCATCATCATTAATAAGTCTGAAAGAGAGTTTAAGGGGCCGTATTTATGTCAAACGATCGCGGTGCACTGGATGACGTTATCGAGGCTTTAAAAAATTGGGATTTAAAAACACTGTGGGCTCTTGCCCCCAAATATGCGGCGGATACGAGCTGGTTCCTTAAAAAGCTTTTCGAACGTCTGTGGAGCCATTTAACTCCACAGGCGATTATTGACCTCCTCTCTATCATAGCGTGGATGCTGGCATGGGATGGTGTGGTCGCAGTGCTGGAGATCTTAATCCAAGCCCTGTTCAGCCTGCTGGCTCAGCATCTGCAGTTTAAAGGAGGGTCGCATCACCACCATCACCACTGATAACCCTAGCCCGCCGCAACCGATAAGGAGAGCATATTATGTCGAATGACCGTGGCGCTATGGACGATATTCATGAATTTTTGAAGAATAAAGATGTTAAACAGCTCCGTGCACTGGCGCCAAAATATGCGGCCGATATTAGTTGGCTTCTTGGCAAACTGCTGGAGGAATTACTGTCTCAAACCACCCCCCAAGCTCAGCATCGGGTGACTGAAATAATTTTCGAAAATTTGCAATATGCAGGCATTGCGGCCAATCCAGAATTGCATCTTGCATATCTGTTCATTAAGCTGGCCTGCTATACCCAGTGGAAAGGGGGATCACACCATCATCACCATCATTGATAACGAGACC,delivered
s12,1369,GGTCTCGGTTGATCGTTCACTAAGGAAGGATAATTATGTCTAATGATCGCGGTGCCCTGGACGAGCTGCTGGAGGCGTTAAAGAACAAAGATATGAAAACGCTGCATGCCCTTGCCCCAAAATACATTGCTGATTTTTCATGGGTGGTGGGTAAAACGGCGGAAGACATATATTCGGAGATCACGCCGCAGGCGATCATTCGTATGTACGAAATTGTAGGCGAAGCTAACCAGTATCATGGGATCGTTGCAGTAGAGGAAGTATTACTGATTTGGTTCTTTACAGCACTGGCGATCTACGTACAATGGAAAGGAGGATCCCATCATCACCACCACCACTAATAAGGACAAAGCCACCAGGAGGATCCATAATGTCCAACGACCGTGGCGCGTTGGATGACGCGCTGGAAGCGTTAAAAAACAAAGATGCGAAAACAGCAGTTGCCATCGCATGGCGATATGAAGCGGATGTTTCTTGGTTCCTGAAAAAACTGTTAAAAGACATTAGCTCGAACATAACCCCACAGGTTTGGGAGCAGCTGTATGAAATCATCGCCTATGCGGCATTTTTCTATAAAATTGCACAAGATTTGTCTGTCTTACTGATTTTTGTTCTGGTAGTCCTGGCCTTTCGACTGCAATGGAAAGGAGGAAGTCACCACCATCATCATCATTAATAAGTCTGAAAGAGAGTTTAAGGGGCCGTATTTATGTCAAACGATCGCGGTGCAATGGATGACATCATCGAAGCGCTTAAAAATAAGGATCTGAAAACCTTACGTGCGTTGGCCCCTAAATACGCAGCTGATCTTAGTTGGTTCTTAAGTAAACTGTTGTATGTTCTGTTATCATATTTAACTCCACAAGCCTATCAGCATGTGGTAGAAATTATCGCTAATGCACTGTTTCGCGCCGGTTATGTCGCTGATAATGAAGCCTGGCTGCTGTGGGTGTTTGTCCGTCTGATGCTTGAACTTCAGTGGAAGGGTGGCTCGCATCACCACCATCACCACTGATAACCCTAGCCCGCCGCAACCGATAAGGAGAGCATATTATGTCGAATGACCGTGGCGCTATGGATGATATATTAGAATTACTTAAAAACAAAGATGTAAAGCAGTTACGAGCACTGGCCCCCAAGGCGGCCGCAGACACCTCTTGGTTTCTGGGTAAATTATTAGAAGCCATTTTATCGAACGTTACTCCACAAGCACAGATACGTGTTATTGAAATTATTGCGGAGAACGCCGCGTATGACGGGATTGCCGCTAATCCTGAACTTCATTGGGCCTATCTGTTCATCGCACTGGCCTGCAACCTGCAGTGGAAAGGCGGGTCACACCATCATCACCATCATTGATAACGAGACC,delivered
m77,1369,GGTCTCGGTTGATCGTTCACTAAGGAAGGATAATTATGTCTAATGATCGCGGTGCCATGGATGATCTGTTTGAAGCTCTGAAAAATAAAGACTTTGATACATTGTATAAACTGGCACATAAGAATATGGCAGATTTTTCATGGTTTGTGGGAAAATTAGCAGAGGATCTGTACTCACAGGTTACCCCCCAGGCGATCATCCGCATTTATGAATTGGTCGGCGAGTTCAACCAGTTTCATGGTCATATGGCCAACCCGTATGCAGCACTGATTGCGTTTTTCTTTTTTTTGGCTAAATATGTACAATGGAAAGGCGGATCCCATCATCACCACCACCACTAATAAGGACAAAGCCACCAGGAGGATCCATAATGTCCAACGACCGTGGCGCGTTGGATGATGTTATTGAAGCCTTAAAAAATAAAGACCACGATACTTTAAGAAAGCTTGCCCCTAAATATGCGGCCGATTTGTCTTGGTTCCTGCGTGTGCTCTTGCATGCACTGTTTTCCCAGTTGACTCCGCAGGCCCAGCTGCGTTTGGCTGAAATAATCTATGAAGTGGCCTTGTTCGCTTCCTACGCTGTGAATCAGGAAGCGTTTCTGGCAGGCCTGTTTCATAAATTGGCTATTTATTTGCAGTTTAAGGGCGGCAGTCACCACCATCATCATCATTAATAAGTCTGAAAGAGAGTTTAAGGGGCCGTATTTATGTCAAACGATCGCGGTGCACTCGACGATTTAATTGAAGCTTTAAAAAACAAGGATTGGGAAACTCTTCATAAATTAGTGTACAAGTACGCCGCAGACCCCTCCTGGTTCTTGGCGAAACTGATGGAGGAATTGACGAATCATATCACCGACCAGGCACATAAAGATATGGTTGAAATAATTCTCGAAGTAATACTGTGGTTTGGGCTGTGGGCAAGCACGTACTTTATCATTCGTTATCTTTTCTTTGCTCTGGCAACAACTCTGCAGTTTAAGGGCGGCTCGCATCACCACCATCACCACTGATAACCCTAGCCCGCCGCAACCGATAAGGAGAGCATATTATGTCGAATGACCGTGGCGCTATGGACGATATGCTCGAGGCCCTGAAAAATAAAGATGTGAAGACGCTCCGTGCCCTGGCACCGAAGGCAGCCGCAGATCTTTCCTGGTTATTTGAAACTTTGATGGAACATCTGTTGTCACAGATTACGCCTCAAGCGCAGATTCGTCTTGTTGAGATTATGGGCGAGAACGCGAAATATGCGGGAATAGCGGCGAATCCCGAATTACATGTCGCATACATGCTGATACAACTTGCCTGTAACCTTCAATGGAAAGGAGGTTCACACCATCATCACCATCATTGATAACGAGACC,delivered
m54,1369,GGTCTCGGTTGATCGTTCACTAAGGAAGGATAATTATGTCTAATGATCGCGGTGCCCTCGATGATACCCTTGAAGCATTAAAGAACAAAGACTATGACACCTTACTGGCGCTGGCGCCTAAGTACATCGCGGATTGGTCGTGGTACGTCGGTAAACTGGCAGAGGAGATTTACTCACAGGTAACCCCCCAGGCAATTATTCATATTTATGAGATTGTTGGCGAGATGAATCAGTTTCATGGGTTAGCAGCAGTAGAAGAACTGTTCCTGGCGTATTTTTTAAGCCTGCTCGCTGAATGGATTCAATGGAAAGGAGGCTCCCATCATCACCACCACCACTAATAAGGACAAAGCCACCAGGAGGATCCATAATGTCCAACGACCGTGGCGCGTTAGATGACGTAATTGAAGCACTGAAAAACAAAGATAAAAAGACGCTTCATCAGTTGGCGCCGAAATACGCTGCAGACCTGTCCTGGTTTTTGCGTAAAGCGTTCGAAAAAGTCTGGTCGCAAGTGACGCCACAGGCGCAGCAGCGGACTCTGTGGATTTTTGCGCAGGCCGTCATATTTGCAGCCCTCGCGGCCGTCCAGGAGCTGCTGCTTCAGTATCTTTTTGTTATGCTTGCTAAATATCTGCAGTGGGCCGGCGGCAGTCACCACCATCATCATCATTAATAAGTCTGAAAGAGAGTTTAAGGGGCCGTATTTATGTCAAACGATCGCGGTGCAATGGATGATGTTATCGAGGCCCTTAAGAATAAAGATGATGAGACTTTGACCGCGATCGCCCCGAAATATGCCGCGGATCTGTCGTGGTTTCTGAAAAAATTAATAGAAAGATTAGCAAGCGAAGTCACCGAACAAGCATACGATCGCCTGTGGGAAGTGGCTGCAGAGGCAGTCTTGTGGGCAGGTACCGTTGCCGTTTATGCCTTGCACATTGCAGCCACATTGCATCGTTTAAGCAAGGTGCTCCAGTTTAAGGGCGGCTCGCATCACCACCATCACCACTGATAACCCTAGCCCGCCGCAACCGATAAGGAGAGCATATTATGTCGAATGACCGTGGCGCTTTGGATGACATTCTTGAAGCCTTAAAAAATAAAGATGTTAAAACCCTCAGAGCCTTGGCGCCTAAGTTCGCAGCAGATCTTAGTTGGTTTCTCTGGAAATTGTATCTGGAACTCGCTAGCCGAACGACTAAAGATGCCTGGAAACGCACCGCCGAGATTATGTTTGAGAATGCGCTGTATGACGGTATTGCCGCCAATCGCGAGTTACATCTCGCATATCTGCTTATAGTGCTGGCCTGTCATCTGCAATTTAAGGGCGGCTCACACCATCATCACCATCATTGATAACGAGACC,delivered
m22-8504,1369,GGTCTCGGTTGATCGTTCACTAAGGAAGGATAATTATGTCTAATGATCGCGGTGCCTTGGACGATATAATTGAGGCGATCAAAAACAAGGATTATGATAAGTTATATGAACTGGCACATAAATATTATGCAGATCGAAGCTGGGCTGTGGGAAAGTTGGCAGAAGAACTGTACTCCAAAGTCACCCCACAGTCTATCATTGCAATTTACGAGCTGGTTGGCGAATTCAATCAATTTCATGGTATTTATGCCAACGAAGATCTTGCGTTCAAGGCCTTTTTGTATCGCCTGGCCGAAGTTACGCAGTGGAAAGGTGGCTCCCATCATCACCACCACCACTAATAAGGACAAAGCCACCAGGAGGATCCATAATGTCCAACGACCGTGGCGCGCTTGACGATGTAGTTGAGGCGATTAAAAATAAAGACCATGAGAAACTTCGTAAGCTTTCGGAAAAGTATGCTGCGGACGCATCTTGGTTCCTGCGGGAGCTCTTTGAGAAATTAAGAAGTCTGGCTACCCCGCAGAGCCAAGTTAAGCTTGCAGAAATTTTCTATGAAGCGAATAAATTTTACAATATTACCGCGAATAAATCCCTCTTGATGGATTATTTGATGCATAAAGTTGCAACGGAAGTTCAGTGGAAAGGGGGTAGTCACCACCATCATCATCATTAATAAGTCTGAAAGAGAGTTTAAGGGGCCGTATTTATGTCAAACGATCGCGGTGCACTGGATGATGTTATTGAAGCGATAAAAAACAAAGACACCGAACTGCTTTCTAAACTTGCCCCGAAATATGCTGCTGATCCGTCCACGTTCCTGTGGAATCTGCGGGAAGAACTGTCCAAGGCAGTGACACCGCAATCGCATGATAAACTGGTGGAGTTGATTTACGAAGTGAACAAGTACTACGGCATCATTGCCAATAAAGAATTAGCGATGCGACGCTTATTTCACGGACTGGCTACGAAACTGCAGTACAAAGGAGGCTCGCATCACCACCATCACCACTGATAACCCTAGCCCGCCGCAACCGATAAGGAGAGCATATTATGTCGAATGACCGTGGCGCTATGGACGACGTAATTGAAATGCTGAAAAATAAAGATGTAAAACAGCTGCGGGCTCTTGCTCCAAAATACGCCGCCGATCTCTCATGGTTTCTTGGAAAACTTTATGATGATTTGTCTTCGAAGGTCGATAAAGAAAGCCATCATAAAATCGCCGAATTACTTTACGAAAACGATCTGTATTATGGCATAGCAGCAAATCCGGAACTTCACCTCGCTTATCTGTTTATACAGTTATCTTGCAACACACAATTCAAGGGTGGTTCACACCATCATCACCATCATTGATAACGAGACC,delivered
s114-8894,1369,GGTCTCGGTTGATCGTTCACTAAGGAAGGATAATTATGTCTAATGATCGCGGTGCCTTTGATGACGTTCTGGAAGCTATCAAAAATAAAGATCTCAAAACACTGGATGCATTGGCTCCGAAGTATGCAGCTGACTATTCCTGGTTTGTGGGTAAACTCGCCGAAGAGCTCTATAGCCATGTTACCCCACAGTCTATTATATGGCTCTATGAACTTGTTGGTGAACATAATCAGTATCATGGAATTATGGCTAACGAAGAGCTTGCCATGCAGTCGTTTTTAAGCCATGTCGCGGATTTTGTTCAGTGGAAAGGAGGTTCCCATCATCACCACCACCACTAATAAGGACAAAGCCACCAGGAGGATCCATAATGTCCAACGACCGTGGCGCGTTTGATGATGTACTCGAGGCCATTAAAAATAAGGACACCAAAAAATTAGACGCTCTGGCTCCAAAGTATGCCGCTGATATTTCTTGGTTTCTTAAAAAACTGCGTGAAGCACTCCTGTCTGTGGTAACTCCTCAATCACAACATAAAGTGACCTGGTACTTTGGCGAGTTTAACCATTATGTGGGCATTCTGGCTAATAAAGAGGCGTCTATGCGGTGGCTGTTAACGCAAATTGCGCGATCTGCTCAGTTCAAAGGTGGGAGTCACCACCATCATCATCATTAATAAGTCTGAAAGAGAGTTTAAGGGGCCGTATTTATGTCAAACGATCGCGGTGCAATGGATGATGTCATCGAAGCAATCAAAAATAAAGATAGCAAAAAACTCTTAGCACTGGCTCCAAAGCTGGCAGCAGATCCTTCATGGGCGATTCAGAAACTTGCTGAGGAGCTGAAATCTAAAGTCACCCCGCAGTCTGTCATTACAATGAATGAAATTCTGCACGAATATAACGTATACGTGGGAATCGCGGCCAGCACAGAACTGTTAATTAAGTTTATGCTGTGGGACTTGGCCGAAAAGGTCCAGTTTAAAGGCGGTTCGCATCACCACCATCACCACTGATAACCCTAGCCCGCCGCAACCGATAAGGAGAGCATATTATGTCGAATGACCGTGGCGCTCTCGATGACGTAGTCGAGGCTATCAAAAACAAAGACGTTAAACAATTACGGGCGCTTGCTCCGAAATACGCGGCAGATCCTAGCTGGTTCTATCAAAAATTATACGAAGCACTGTATTCTCAGTCTACGCCGCAGAGCCAGATTGCGATTCGCGAGATCATCAAAGAAAATGCAGTTTATGTAGGTATTGCTGCCAATCCTGAATTACACACTGCGTACACTCTGATTGAACTGGCGTGCAATGTCCAGTGGAAGGGTGGATCACACCATCATCACCATCATTGATAACGAGACC,delivered
41-2613,1369,GGTCTCGGTTGATCGTTCACTAAGGAAGGATAATTATGTCTAATGATCGCGGTGCCCTGGAGGAAGTTATCGAAGCAATTAAGAATAAGGATCTGGATAAACTCTATGAGCTCTCTCATAAATATTTTAAAGACCGCGAGAAAGCCGTAAGAACTTTGGCTGAGGAACTGTACAAAGTGATAACGCCAGAATCTATTATAAAGGCATATGAACTGGTCGGCGAATATAACCAGTATCATGGCATTGCCGCGGATGAAGAATTGTTATTCTTATGGCTGCTGGGCCGGCTGGCCGAGGAACTTGAGTTCAAGGGTGGTTCCCATCATCACCACCACCACTAATAAGGACAAAGCCACCAGGAGGATCCATAATGTCCAACGACCGTGGCGCGTTGGACGCAGCTGTAGAGGCCATTCGTGCTCGCGACGTGGCGCGCCTTAGAGAACTTGCCCCGGCATATACCGATGATCCAGGTCGCTTCTACCGCGAGCTTCTGCATCGTCTGTGGGAAGCGGTTTCACCGGAGAGTCGCGCAGAACTGGTGCGTGTCATTGGCGAACACAACGCGTATGCGGGCATCACACCTTCCCTGGAATTAAATATAACTGGTTTGCTGCATGACTTGGCAGAACGTCTGACATTTCTGGGTGGTAGTCACCACCATCATCATCATTAATAAGTCTGAAAGAGAGTTTAAGGGGCCGTATTTATGTCAAACGATCGCGGTGCAATGGCCCCTGTTCTTGAAGCACTGCGCTCTCGTGACGTCGCCCGTCTGCATGAACTTGCTAAAACGCTGGCCAAAGATGTCGGCGCGAGCCTTACTGCCCTTTATCGGGCACTGACAGAGGAGGCACTGCCCGAGTCTCATCCTGCACTGTCCCGTATCTTGCATGAAACGAACGCTTACGCGGGCATAACTGCGTCCCCGTATATACATTTTCTGAGCGCCTTGGTGAAACTTGCGGAGAATTTGCGTTTTAAAGGCGGTTCGCATCACCACCATCACCACTGATAACCCTAGCCCGCCGCAACCGATAAGGAGAGCATATTATGTCGAATGACCGTGGCGCTATGGACGAGGTGATTGAAGCTCTTAAAAAAAAAGATGTCAAAACACTTCGTGCGTTAGCACCGAAGTATGCGAAGGACCTTGCCGCATTTTATGATGGCTTATGGGAGGCTTTATCCACACAGGTGACTCCGGAGACGCATAAAAAAGTAACAGAAATTATAGATGAAAACGCGAAGTATGCCGGGATCGCGGCTAATCCAGAACTCCACGTGGCTTATTTATTAATTCAGCTTGCCCAGAACGTTGAATTTAAGGGCGGCTCACACCATCATCACCATCATTGATAACGAGACC,delivered
m39-6020,1369,GGTCTCGGTTGATCGTTCACTAAGGAAGGATAATTATGTCTAATGATCGCGGTGCCCTTGATGATGTTCACGAGGCGATTAAGAATAAAGATTACGAAAAATTGAGAGAGCTCAGTGAAAAATACGTTGCCGATTGGTCATGGTATGTAGGGAAATTAGCCGAGGAATTATACAGCCTGGTTACCCCACAGAGCATCATCAAGGTTTATGAGATCGTGGGGGAAGCGAACCAGTATCACGGTATCACGGCTAACCTGTCCGTGCACACCAGTCTGCTGTTAGTACGCCTGGCTGAAAAGCTTCAATGGAAAGGTGGATCCCATCATCACCACCACCACTAATAAGGACAAAGCCACCAGGAGGATCCATAATGTCCAACGACCGTGGCGCGCTGGACGATGTAATTGAAGCTATAAAAAATAAAGACCGGGCAAAACTGGCCGCTCTCGCCCCGAAATATGCGGCGGATATATCAAGAGCCTTATACGATCTTGTCGAAGAACTTTATTCTCTGACAACTCCCCAATCTCAAGTGAAACTGGTTGAAATTGTTGGAGAACATGGAAAATATTCTAAGATTACCCCTGACAAGGAATTACTGCTGCGGATCATGTTTGAGGATTTAGCAGAAAAGCTGCAGTTTAAAGGTGGTAGTCACCACCATCATCATCATTAATAAGTCTGAAAGAGAGTTTAAGGGGCCGTATTTATGTCAAACGATCGCGGTGCAATGGACGACGTTATTGAGGCGATCAAAAACAAGGATCATGAACTTGCACGAAAACTTGCGCCGAAGTACGCGGCCGACATGTCTTGGGCCCTCCGTAAAATTTATGATGAATTATCTAAAAAAGCGACCGAGCAAACATATAGTAAGATCGTGGAGATCATCGGAGAAGCCGTTAAATATTCAGGCATCGTAGCGAATCCTGAGATGCATTTATTGTGGTTGTTCTATAAATTGATACACAACGCACAGTTTAAAGGCGGCTCGCATCACCACCATCACCACTGATAACCCTAGCCCGCCGCAACCGATAAGGAGAGCATATTATGTCGAATGACCGTGGCGCTATGGATGATGTAATAGAAGCTTTAAAGAATAAAGATGTAAAGACCCTGCGGGCACTGGCCCCGAAGTATGCCGCAGATTTGAGCTGGTTTTACTTGAAGTTGTACGAGGATTTACTGTCAAAAATTACCCCGCAAAGTCAGGAGAAAGCATTGTGGATTATTGGCGAAAACCACAAGTACTCTGGGATTGCGGCCAACCCAGAGTTACATATTGCCTATACATTGATCCAATTAGCCTGCGTACTCCAGTTTAAGGGCGGTTCACACCATCATCACCATCATTGATAACGAGACC,failed
41-2911,1369,GGTCTCGGTTGATCGTTCACTAAGGAAGGATAATTATGTCTAATGATCGCGGTGCCTATGAAGAAGTGATTGAGGCTATAAAAAACAAAGATCTGGATAAGTTATACGAGCTGAGCCATAAATATTACAAAGACCGCGAAAAATTCGTACGTGGGCTGGCTGAAGAGTTGTATAAAGTGGTAACACCGGAAAGTATCATTAAACTTTATGAGCTGGTTGGCGAGTATAATCAGTACCACGGTATTACAGCTGATGAGGAGCTTCTGTTTCTTGATCTGTTAGCACGACTGGCGGAAGAACTGGAATTTAAAGGAGGTTCCCATCATCACCACCACCACTAATAAGGACAAAGCCACCAGGAGGATCCATAATGTCCAACGACCGTGGCGCGCTTGATGAAGCGGTGGAAGCAATACGCGCACGGGATGTTGCGACCTTGCGCGAAATAGCTCCGAAGTATACCGACGACCCGGGGCGTTTTTTTCGCGAACTGTTGCATCGTCTGTGGGAACTTGTTTCCCCGGAGTCGAGAGCTGAACTGGTTCGGATTATCGGTGAAAATAACAAATTTGCCGGTATTACACCGTCAAAAAAATTGCTTATCACAGATCTGCTTCATCGCTTGGCCCGACACCTGACCTTTTTAGGAGGAAGTCACCACCATCATCATCATTAATAAGTCTGAAAGAGAGTTTAAGGGGCCGTATTTATGTCAAACGATCGCGGTGCAATGGAAGAGGTAATTGAAGCTCTGCGTTCAAAAGACCTCGAGAAGTTCCATGAGCTTGCGAAAGAGCTGTCTAAAGACATCGGCAAAAGTTTAGAAGAACTGTATGAAGCTTTGACTGAAACAGCATTACCTGAATCTCATGACGCGCTCAGTGATATCATTGGCGAGGCCAATAAATATGCGGGTATTACTGCTTCCCCATATATCCATTTTGAATATACCCTTGTACGCCTCGCCGAAACTTTAAAGTTCAAAGGCGGCTCGCATCACCACCATCACCACTGATAACCCTAGCCCGCCGCAACCGATAAGGAGAGCATATTATGTCGAATGACCGTGGCGCTATGGATGAAGTCGTAAACGCCTTGAAGGCTAAAGATGTGAAGACCTTGCGCGCCTTGGCGCCTAAATATGCGAAGGATCTGGCAAAGTTCTATGATGAGCTGTGGAAAGAACTTAAGACCCGCGTGACACCCGAAACTCATTTAAAAATCAGTGAAATTATTGGCGAGAATAATAAATATGCGGGTATCGCGGCAAACCCCGAATTGCATCTGGCGTACACCTTAATTCAGCTGGCCCAAGCAGTTGAGTGGAAAGGTGGCTCACACCATCATCACCATCATTGATAACGAGACC,delivered
82-5346,1369,GGTCTCGGTTGATCGTTCACTAAGGAAGGATAATTATGTCTAATGATCGCGGTGCCTACGAGGAAGTTATCGAAGCCATCAAAAACAAAGACTTAGATAAATTGTACGAACTGGCCCATAAATACGCCCCCGACTTTCTGACCTTCGTCGGTAAACTGGCAGAAGAACTGTACAAGAAAGTGAAACCGTCAAGCATAATTAAACTGTATGAACTGGTTGGGGAATCTAATCAATATCATGGCACAGCCGCTAATACCGAATTATTAATGGCATACTTTTTTACCGAGGTTGCAGAAAAGCTGGACTTCTTAGGAGGATCCCATCATCACCACCACCACTAATAAGGACAAAGCCACCAGGAGGATCCATAATGTCCAACGACCGTGGCGCGCTGGAGCCGGTTCTGGCAGCGCTGGAGGCGAGAGATACAGCGGCACTCCGCGCACTGGCACCTGAATATGCAGACCGTGCGGCCGAAGCATATCGCGCAATACTGGATGAAGCCTTAAAACGTGTGACGCCGGAGTCGCGCCGTAAATTAATACGCATTCTTGGGGAGTCGAACATGTATGATTCTACAGCTCAGGATAAAGCACTGCTTATGGCGTTTGCACTGGATGCCCTGGCCGAAGAAGCCGAGTTTCTGGGAGGGAGTCACCACCATCATCATCATTAATAAGTCTGAAAGAGAGTTTAAGGGGCCGTATTTATGTCAAACGATCGCGGTGCAATGGCAGAAGCATTAGCCGCCCTGGCGGCCCGCGATCTGGCCCGGCTCCGCGAAATTGCCAAAAGAGTCGCTGCGGATCACGCGGCATTTTTGCGAGCGCTGTATGATGCGCTGCTGGCGAACTCCGACCCAGCAACACATGCTACGATTCGCAGAATTATAGGTGAATCTAACATGTACGACTCCACCGCGGCGAACCACGCGGTCGCACTGCTTGAGCGGTTATATCGCTTGGCAGCCACCGTTCGCTTTTTAGGCGGATCGCATCACCACCATCACCACTGATAACCCTAGCCCGCCGCAACCGATAAGGAGAGCATATTATGTCGAATGACCGTGGCGCTCTGCAGGAATTAATCGACGCCATTGCCAATAAAGATGTGAAAACACTGAGAGCTCTGGCACCGAAATACGCTAAAGATTTAGCCAATTTTCTGGCGACCGCTTTAGACGAACTCACTGCAAGATCAACGCCGGAGAGTCATGGAAAGATTGTCGAGGTATTGGGGGAGAATAACAAATACGCCAGCATCGCAGCTAACCCCGAATTGCATGTGGCTTACACGCTGATTGAAATTTCTCGCGTCCTCAAACTGAAAGGGGGGTCACACCATCATCACCATCATTGATAACGAGACC,delivered
m137-2732,1369,GGTCTCGGTTGATCGTTCACTAAGGAAGGATAATTATGTCTAATGATCGCGGTGCCCTGGATGACGTTATCGAAGCAATTAAAAATAAAGATCGTAAAAAGCTTAAAGCGCTGGCACCTAAAATTGCCGCGGATTGGAGTTGGAGCGTGGGGAAAATCGCTGAAGAACTGTATTCAAAGGTCACGCCTCAGAGCATCATTACAATCTACGAGCTGGTTGGTGAGACAAACCAGTACCACGGCATCACTGCTAACTTGGAACTCCATGCAGTCTACTTTCTGACTTATCTTGCCAATAACGTTCAGTTCAAAGGTGGATCCCATCATCACCACCACCACTAATAAGGACAAAGCCACCAGGAGGATCCATAATGTCCAACGACCGTGGCGCGTTAGATGACGTTATCGAAGCGATTAAAAATAAAGATTGGGATAAGCTGTATGAACTCGTGTGGGACTATGTGGCGGATATCTCCTGGTTCTTGAAAAAATTATATGAGGAATTGGACAGCAACTCGACCGAACAGTCATCCGAAAAGATATCAAAAATCATCGGCGAAGCGAACCAGTATGCGGGAATTACTGCGAGCAAGTCAGTTCTGTTGCAGTCAATGCTTACCAAACTGGCAGACGAAGTTCAATTTAAAGGAGGCAGTCACCACCATCATCATCATTAATAAGTCTGAAAGAGAGTTTAAGGGGCCGTATTTATGTCAAACGATCGCGGTGCACTGGATGACGTTATAGAGGCCATAAAGAACAAAGATTATAAAAAATTACACGAACTTGCGCCGAAGTATGCCGCCGACATTTCATGGTTTATTGAGAATTTATACTATTACGCTCGTAGTAAAGTTACGCCGCAGTCTTGGAAAACATTGAATGAAATTATGTTCGAAGCCAGCGGTTATGCTGGTATAGCCGCTAATAAAGAAATGCACATCTTGGGGTTTTTACATAAGCTGGCTACCAAAGTACAGTATAAGGGAGGATCGCATCACCACCATCACCACTGATAACCCTAGCCCGCCGCAACCGATAAGGAGAGCATATTATGTCGAATGACCGTGGCGCTCTGGATGATGTTATCGAGGCTATTAAAAACAAGGATGTAAAAACCTTACGGGCTCTGGCGCCTAAATACGCCGCCGACCCTTCCTGGACCATAAAAAAATTGTGGGAAGAGCTGTCATCAATCGTTGACTGGGAGTCCCGCCATAAAATTACAGAAATATTGTACGAAGTTAATAAATATGCAGGCATCGCTGCAAATCCAGAATTGCACTTTGCTTATGTGCTTATAAAAATAGCATGCACCGCTAAATTTAAAGGTGGCTCACACCATCATCACCATCATTGATAACGAGACC,failed
35-1888,1369,GGTCTCGGTTGATCGTTCACTAAGGAAGGATAATTATGTCTAATGATCGCGGTGCCTACGAGGAGGCCATAGAAGCCATCAAAAACAAGGATTTAGAAAAGCTGCGCGAGATTGCAAAAAAAGAGGTGAAAAATAAAAAAAAATTCGTTCATGAATTAGCAGAAGAATTATATAAAATAGTGACCCCGGAGTCCATCATTAAGATATATGAAATTGTGGGGGAGTATAATCAGTATCATGGAATTACAGCGGATGATTTGGTTGCCTTCATTTTGTTTTTATCCCGCCTGGCAGAAGAGACAGAGTTTATCGGCGGTTCCCATCATCACCACCACCACTAATAAGGACAAAGCCACCAGGAGGATCCATAATGTCCAACGACCGTGGCGCGTTAGAGGAAGTTATTGAGGCCCTGAAAAATAAGGACCATGACAAACTGGATGAGTTGGCGTGGAAATACGTGGACGATTTTCCCAAGTTTATTAGAGAACTCTACGAAGAACTTTTTAAAGAGGTTACGGAAGAGTCACGGAAAAAATTATCCTGGATTATAGGCGAACATAACCGCTTCGCCGGAATCACAGCCAACAAAGTATTACATATACAATCGCTGTTGTATGATTTAGCGGATACCCTGGAGTTTAAGGGCGGAAGTCACCACCATCATCATCATTAATAAGTCTGAAAGAGAGTTTAAGGGGCCGTATTTATGTCAAACGATCGCGGTGCAATGGAACGTGTAATTGAAGCCTTACGGAATAAAGACTTTGAAGCATTTGAAGAACTCAGTAAGGAATTAGCGAAGGATCTGACCAAATTCTTCGGTGAACTGTACTACCTGTTACGGAAAGAATTGAAACCGGAGTCCTTGAAAGCCGCGCACGATATTATTAATCACCATAACCGTTCTGCGGGAATTACCGTAAGCAACGAATTACTGGTTGAAGCGACACTTGTATCTCTGAGTGAAAAACTGGAGTTCAAGGGGGGCTCGCATCACCACCATCACCACTGATAACCCTAGCCCGCCGCAACCGATAAGGAGAGCATATTATGTCGAATGACCGTGGCGCTATGGATGAAGTTGTCGAACGGCTGCGGGCAAAGGATGTCAAACAGCTGCGTGCACTGGCCCCGAAATATGCGAATGACTTAAAGGCGTTTTATACCGGACTTCGCGATTACCTTCTGAAGCATGTAACGGAAGAGAGCAAAAAAAAAGTTGTACTCATCATCGCCCATAACGCAAGATATGCAGGTATCGCCGCCAATAAAGAACTCCATGTTGCATACACTTTAATCCAATTGGCGCGCAATGTAGATTTTTTGGGCGGCTCACACCATCATCACCATCATTGATAACGAGACC,delivered
